[
{
  "model": "auth.permission",
  "pk": 1,
  "fields": {
    "name": "Can add log entry",
    "content_type": 1,
    "codename": "add_logentry"
  }
},
{
  "model": "auth.permission",
  "pk": 2,
  "fields": {
    "name": "Can change log entry",
    "content_type": 1,
    "codename": "change_logentry"
  }
},
{
  "model": "auth.permission",
  "pk": 3,
  "fields": {
    "name": "Can delete log entry",
    "content_type": 1,
    "codename": "delete_logentry"
  }
},
{
  "model": "auth.permission",
  "pk": 4,
  "fields": {
    "name": "Can view log entry",
    "content_type": 1,
    "codename": "view_logentry"
  }
},
{
  "model": "auth.permission",
  "pk": 5,
  "fields": {
    "name": "Can add permission",
    "content_type": 2,
    "codename": "add_permission"
  }
},
{
  "model": "auth.permission",
  "pk": 6,
  "fields": {
    "name": "Can change permission",
    "content_type": 2,
    "codename": "change_permission"
  }
},
{
  "model": "auth.permission",
  "pk": 7,
  "fields": {
    "name": "Can delete permission",
    "content_type": 2,
    "codename": "delete_permission"
  }
},
{
  "model": "auth.permission",
  "pk": 8,
  "fields": {
    "name": "Can view permission",
    "content_type": 2,
    "codename": "view_permission"
  }
},
{
  "model": "auth.permission",
  "pk": 9,
  "fields": {
    "name": "Can add group",
    "content_type": 3,
    "codename": "add_group"
  }
},
{
  "model": "auth.permission",
  "pk": 10,
  "fields": {
    "name": "Can change group",
    "content_type": 3,
    "codename": "change_group"
  }
},
{
  "model": "auth.permission",
  "pk": 11,
  "fields": {
    "name": "Can delete group",
    "content_type": 3,
    "codename": "delete_group"
  }
},
{
  "model": "auth.permission",
  "pk": 12,
  "fields": {
    "name": "Can view group",
    "content_type": 3,
    "codename": "view_group"
  }
},
{
  "model": "auth.permission",
  "pk": 13,
  "fields": {
    "name": "Can add user",
    "content_type": 4,
    "codename": "add_user"
  }
},
{
  "model": "auth.permission",
  "pk": 14,
  "fields": {
    "name": "Can change user",
    "content_type": 4,
    "codename": "change_user"
  }
},
{
  "model": "auth.permission",
  "pk": 15,
  "fields": {
    "name": "Can delete user",
    "content_type": 4,
    "codename": "delete_user"
  }
},
{
  "model": "auth.permission",
  "pk": 16,
  "fields": {
    "name": "Can view user",
    "content_type": 4,
    "codename": "view_user"
  }
},
{
  "model": "auth.permission",
  "pk": 17,
  "fields": {
    "name": "Can add content type",
    "content_type": 5,
    "codename": "add_contenttype"
  }
},
{
  "model": "auth.permission",
  "pk": 18,
  "fields": {
    "name": "Can change content type",
    "content_type": 5,
    "codename": "change_contenttype"
  }
},
{
  "model": "auth.permission",
  "pk": 19,
  "fields": {
    "name": "Can delete content type",
    "content_type": 5,
    "codename": "delete_contenttype"
  }
},
{
  "model": "auth.permission",
  "pk": 20,
  "fields": {
    "name": "Can view content type",
    "content_type": 5,
    "codename": "view_contenttype"
  }
},
{
  "model": "auth.permission",
  "pk": 21,
  "fields": {
    "name": "Can add session",
    "content_type": 6,
    "codename": "add_session"
  }
},
{
  "model": "auth.permission",
  "pk": 22,
  "fields": {
    "name": "Can change session",
    "content_type": 6,
    "codename": "change_session"
  }
},
{
  "model": "auth.permission",
  "pk": 23,
  "fields": {
    "name": "Can delete session",
    "content_type": 6,
    "codename": "delete_session"
  }
},
{
  "model": "auth.permission",
  "pk": 24,
  "fields": {
    "name": "Can view session",
    "content_type": 6,
    "codename": "view_session"
  }
},
{
  "model": "auth.permission",
  "pk": 25,
  "fields": {
    "name": "Can add Scheduled task",
    "content_type": 7,
    "codename": "add_schedule"
  }
},
{
  "model": "auth.permission",
  "pk": 26,
  "fields": {
    "name": "Can change Scheduled task",
    "content_type": 7,
    "codename": "change_schedule"
  }
},
{
  "model": "auth.permission",
  "pk": 27,
  "fields": {
    "name": "Can delete Scheduled task",
    "content_type": 7,
    "codename": "delete_schedule"
  }
},
{
  "model": "auth.permission",
  "pk": 28,
  "fields": {
    "name": "Can view Scheduled task",
    "content_type": 7,
    "codename": "view_schedule"
  }
},
{
  "model": "auth.permission",
  "pk": 29,
  "fields": {
    "name": "Can add task",
    "content_type": 8,
    "codename": "add_task"
  }
},
{
  "model": "auth.permission",
  "pk": 30,
  "fields": {
    "name": "Can change task",
    "content_type": 8,
    "codename": "change_task"
  }
},
{
  "model": "auth.permission",
  "pk": 31,
  "fields": {
    "name": "Can delete task",
    "content_type": 8,
    "codename": "delete_task"
  }
},
{
  "model": "auth.permission",
  "pk": 32,
  "fields": {
    "name": "Can view task",
    "content_type": 8,
    "codename": "view_task"
  }
},
{
  "model": "auth.permission",
  "pk": 33,
  "fields": {
    "name": "Can add Failed task",
    "content_type": 9,
    "codename": "add_failure"
  }
},
{
  "model": "auth.permission",
  "pk": 34,
  "fields": {
    "name": "Can change Failed task",
    "content_type": 9,
    "codename": "change_failure"
  }
},
{
  "model": "auth.permission",
  "pk": 35,
  "fields": {
    "name": "Can delete Failed task",
    "content_type": 9,
    "codename": "delete_failure"
  }
},
{
  "model": "auth.permission",
  "pk": 36,
  "fields": {
    "name": "Can view Failed task",
    "content_type": 9,
    "codename": "view_failure"
  }
},
{
  "model": "auth.permission",
  "pk": 37,
  "fields": {
    "name": "Can add Successful task",
    "content_type": 10,
    "codename": "add_success"
  }
},
{
  "model": "auth.permission",
  "pk": 38,
  "fields": {
    "name": "Can change Successful task",
    "content_type": 10,
    "codename": "change_success"
  }
},
{
  "model": "auth.permission",
  "pk": 39,
  "fields": {
    "name": "Can delete Successful task",
    "content_type": 10,
    "codename": "delete_success"
  }
},
{
  "model": "auth.permission",
  "pk": 40,
  "fields": {
    "name": "Can view Successful task",
    "content_type": 10,
    "codename": "view_success"
  }
},
{
  "model": "auth.permission",
  "pk": 41,
  "fields": {
    "name": "Can add Queued task",
    "content_type": 11,
    "codename": "add_ormq"
  }
},
{
  "model": "auth.permission",
  "pk": 42,
  "fields": {
    "name": "Can change Queued task",
    "content_type": 11,
    "codename": "change_ormq"
  }
},
{
  "model": "auth.permission",
  "pk": 43,
  "fields": {
    "name": "Can delete Queued task",
    "content_type": 11,
    "codename": "delete_ormq"
  }
},
{
  "model": "auth.permission",
  "pk": 44,
  "fields": {
    "name": "Can view Queued task",
    "content_type": 11,
    "codename": "view_ormq"
  }
},
{
  "model": "auth.permission",
  "pk": 45,
  "fields": {
    "name": "Can add user profile",
    "content_type": 12,
    "codename": "add_userprofile"
  }
},
{
  "model": "auth.permission",
  "pk": 46,
  "fields": {
    "name": "Can change user profile",
    "content_type": 12,
    "codename": "change_userprofile"
  }
},
{
  "model": "auth.permission",
  "pk": 47,
  "fields": {
    "name": "Can delete user profile",
    "content_type": 12,
    "codename": "delete_userprofile"
  }
},
{
  "model": "auth.permission",
  "pk": 48,
  "fields": {
    "name": "Can view user profile",
    "content_type": 12,
    "codename": "view_userprofile"
  }
},
{
  "model": "auth.permission",
  "pk": 49,
  "fields": {
    "name": "Can add field of science",
    "content_type": 13,
    "codename": "add_fieldofscience"
  }
},
{
  "model": "auth.permission",
  "pk": 50,
  "fields": {
    "name": "Can change field of science",
    "content_type": 13,
    "codename": "change_fieldofscience"
  }
},
{
  "model": "auth.permission",
  "pk": 51,
  "fields": {
    "name": "Can delete field of science",
    "content_type": 13,
    "codename": "delete_fieldofscience"
  }
},
{
  "model": "auth.permission",
  "pk": 52,
  "fields": {
    "name": "Can view field of science",
    "content_type": 13,
    "codename": "view_fieldofscience"
  }
},
{
  "model": "auth.permission",
  "pk": 53,
  "fields": {
    "name": "Can add project",
    "content_type": 14,
    "codename": "add_project"
  }
},
{
  "model": "auth.permission",
  "pk": 54,
  "fields": {
    "name": "Can change project",
    "content_type": 14,
    "codename": "change_project"
  }
},
{
  "model": "auth.permission",
  "pk": 55,
  "fields": {
    "name": "Can delete project",
    "content_type": 14,
    "codename": "delete_project"
  }
},
{
  "model": "auth.permission",
  "pk": 56,
  "fields": {
    "name": "Can view project",
    "content_type": 14,
    "codename": "view_project"
  }
},
{
  "model": "auth.permission",
  "pk": 57,
  "fields": {
    "name": "Can view all projects",
    "content_type": 14,
    "codename": "can_view_all_projects"
  }
},
{
  "model": "auth.permission",
  "pk": 58,
  "fields": {
    "name": "Can review pending project reviews",
    "content_type": 14,
    "codename": "can_review_pending_project_reviews"
  }
},
{
  "model": "auth.permission",
  "pk": 59,
  "fields": {
    "name": "Can add project review status choice",
    "content_type": 15,
    "codename": "add_projectreviewstatuschoice"
  }
},
{
  "model": "auth.permission",
  "pk": 60,
  "fields": {
    "name": "Can change project review status choice",
    "content_type": 15,
    "codename": "change_projectreviewstatuschoice"
  }
},
{
  "model": "auth.permission",
  "pk": 61,
  "fields": {
    "name": "Can delete project review status choice",
    "content_type": 15,
    "codename": "delete_projectreviewstatuschoice"
  }
},
{
  "model": "auth.permission",
  "pk": 62,
  "fields": {
    "name": "Can view project review status choice",
    "content_type": 15,
    "codename": "view_projectreviewstatuschoice"
  }
},
{
  "model": "auth.permission",
  "pk": 63,
  "fields": {
    "name": "Can add project status choice",
    "content_type": 16,
    "codename": "add_projectstatuschoice"
  }
},
{
  "model": "auth.permission",
  "pk": 64,
  "fields": {
    "name": "Can change project status choice",
    "content_type": 16,
    "codename": "change_projectstatuschoice"
  }
},
{
  "model": "auth.permission",
  "pk": 65,
  "fields": {
    "name": "Can delete project status choice",
    "content_type": 16,
    "codename": "delete_projectstatuschoice"
  }
},
{
  "model": "auth.permission",
  "pk": 66,
  "fields": {
    "name": "Can view project status choice",
    "content_type": 16,
    "codename": "view_projectstatuschoice"
  }
},
{
  "model": "auth.permission",
  "pk": 67,
  "fields": {
    "name": "Can add project user role choice",
    "content_type": 17,
    "codename": "add_projectuserrolechoice"
  }
},
{
  "model": "auth.permission",
  "pk": 68,
  "fields": {
    "name": "Can change project user role choice",
    "content_type": 17,
    "codename": "change_projectuserrolechoice"
  }
},
{
  "model": "auth.permission",
  "pk": 69,
  "fields": {
    "name": "Can delete project user role choice",
    "content_type": 17,
    "codename": "delete_projectuserrolechoice"
  }
},
{
  "model": "auth.permission",
  "pk": 70,
  "fields": {
    "name": "Can view project user role choice",
    "content_type": 17,
    "codename": "view_projectuserrolechoice"
  }
},
{
  "model": "auth.permission",
  "pk": 71,
  "fields": {
    "name": "Can add project user status choice",
    "content_type": 18,
    "codename": "add_projectuserstatuschoice"
  }
},
{
  "model": "auth.permission",
  "pk": 72,
  "fields": {
    "name": "Can change project user status choice",
    "content_type": 18,
    "codename": "change_projectuserstatuschoice"
  }
},
{
  "model": "auth.permission",
  "pk": 73,
  "fields": {
    "name": "Can delete project user status choice",
    "content_type": 18,
    "codename": "delete_projectuserstatuschoice"
  }
},
{
  "model": "auth.permission",
  "pk": 74,
  "fields": {
    "name": "Can view project user status choice",
    "content_type": 18,
    "codename": "view_projectuserstatuschoice"
  }
},
{
  "model": "auth.permission",
  "pk": 75,
  "fields": {
    "name": "Can add project user message",
    "content_type": 19,
    "codename": "add_projectusermessage"
  }
},
{
  "model": "auth.permission",
  "pk": 76,
  "fields": {
    "name": "Can change project user message",
    "content_type": 19,
    "codename": "change_projectusermessage"
  }
},
{
  "model": "auth.permission",
  "pk": 77,
  "fields": {
    "name": "Can delete project user message",
    "content_type": 19,
    "codename": "delete_projectusermessage"
  }
},
{
  "model": "auth.permission",
  "pk": 78,
  "fields": {
    "name": "Can view project user message",
    "content_type": 19,
    "codename": "view_projectusermessage"
  }
},
{
  "model": "auth.permission",
  "pk": 79,
  "fields": {
    "name": "Can add project review",
    "content_type": 20,
    "codename": "add_projectreview"
  }
},
{
  "model": "auth.permission",
  "pk": 80,
  "fields": {
    "name": "Can change project review",
    "content_type": 20,
    "codename": "change_projectreview"
  }
},
{
  "model": "auth.permission",
  "pk": 81,
  "fields": {
    "name": "Can delete project review",
    "content_type": 20,
    "codename": "delete_projectreview"
  }
},
{
  "model": "auth.permission",
  "pk": 82,
  "fields": {
    "name": "Can view project review",
    "content_type": 20,
    "codename": "view_projectreview"
  }
},
{
  "model": "auth.permission",
  "pk": 83,
  "fields": {
    "name": "Can add project admin comment",
    "content_type": 21,
    "codename": "add_projectadmincomment"
  }
},
{
  "model": "auth.permission",
  "pk": 84,
  "fields": {
    "name": "Can change project admin comment",
    "content_type": 21,
    "codename": "change_projectadmincomment"
  }
},
{
  "model": "auth.permission",
  "pk": 85,
  "fields": {
    "name": "Can delete project admin comment",
    "content_type": 21,
    "codename": "delete_projectadmincomment"
  }
},
{
  "model": "auth.permission",
  "pk": 86,
  "fields": {
    "name": "Can view project admin comment",
    "content_type": 21,
    "codename": "view_projectadmincomment"
  }
},
{
  "model": "auth.permission",
  "pk": 87,
  "fields": {
    "name": "Can add historical project user",
    "content_type": 22,
    "codename": "add_historicalprojectuser"
  }
},
{
  "model": "auth.permission",
  "pk": 88,
  "fields": {
    "name": "Can change historical project user",
    "content_type": 22,
    "codename": "change_historicalprojectuser"
  }
},
{
  "model": "auth.permission",
  "pk": 89,
  "fields": {
    "name": "Can delete historical project user",
    "content_type": 22,
    "codename": "delete_historicalprojectuser"
  }
},
{
  "model": "auth.permission",
  "pk": 90,
  "fields": {
    "name": "Can view historical project user",
    "content_type": 22,
    "codename": "view_historicalprojectuser"
  }
},
{
  "model": "auth.permission",
  "pk": 91,
  "fields": {
    "name": "Can add historical project review",
    "content_type": 23,
    "codename": "add_historicalprojectreview"
  }
},
{
  "model": "auth.permission",
  "pk": 92,
  "fields": {
    "name": "Can change historical project review",
    "content_type": 23,
    "codename": "change_historicalprojectreview"
  }
},
{
  "model": "auth.permission",
  "pk": 93,
  "fields": {
    "name": "Can delete historical project review",
    "content_type": 23,
    "codename": "delete_historicalprojectreview"
  }
},
{
  "model": "auth.permission",
  "pk": 94,
  "fields": {
    "name": "Can view historical project review",
    "content_type": 23,
    "codename": "view_historicalprojectreview"
  }
},
{
  "model": "auth.permission",
  "pk": 95,
  "fields": {
    "name": "Can add historical project",
    "content_type": 24,
    "codename": "add_historicalproject"
  }
},
{
  "model": "auth.permission",
  "pk": 96,
  "fields": {
    "name": "Can change historical project",
    "content_type": 24,
    "codename": "change_historicalproject"
  }
},
{
  "model": "auth.permission",
  "pk": 97,
  "fields": {
    "name": "Can delete historical project",
    "content_type": 24,
    "codename": "delete_historicalproject"
  }
},
{
  "model": "auth.permission",
  "pk": 98,
  "fields": {
    "name": "Can view historical project",
    "content_type": 24,
    "codename": "view_historicalproject"
  }
},
{
  "model": "auth.permission",
  "pk": 99,
  "fields": {
    "name": "Can add project user",
    "content_type": 25,
    "codename": "add_projectuser"
  }
},
{
  "model": "auth.permission",
  "pk": 100,
  "fields": {
    "name": "Can change project user",
    "content_type": 25,
    "codename": "change_projectuser"
  }
},
{
  "model": "auth.permission",
  "pk": 101,
  "fields": {
    "name": "Can delete project user",
    "content_type": 25,
    "codename": "delete_projectuser"
  }
},
{
  "model": "auth.permission",
  "pk": 102,
  "fields": {
    "name": "Can view project user",
    "content_type": 25,
    "codename": "view_projectuser"
  }
},
{
  "model": "auth.permission",
  "pk": 103,
  "fields": {
    "name": "Can add attribute type",
    "content_type": 26,
    "codename": "add_attributetype"
  }
},
{
  "model": "auth.permission",
  "pk": 104,
  "fields": {
    "name": "Can change attribute type",
    "content_type": 26,
    "codename": "change_attributetype"
  }
},
{
  "model": "auth.permission",
  "pk": 105,
  "fields": {
    "name": "Can delete attribute type",
    "content_type": 26,
    "codename": "delete_attributetype"
  }
},
{
  "model": "auth.permission",
  "pk": 106,
  "fields": {
    "name": "Can view attribute type",
    "content_type": 26,
    "codename": "view_attributetype"
  }
},
{
  "model": "auth.permission",
  "pk": 107,
  "fields": {
    "name": "Can add resource type",
    "content_type": 27,
    "codename": "add_resourcetype"
  }
},
{
  "model": "auth.permission",
  "pk": 108,
  "fields": {
    "name": "Can change resource type",
    "content_type": 27,
    "codename": "change_resourcetype"
  }
},
{
  "model": "auth.permission",
  "pk": 109,
  "fields": {
    "name": "Can delete resource type",
    "content_type": 27,
    "codename": "delete_resourcetype"
  }
},
{
  "model": "auth.permission",
  "pk": 110,
  "fields": {
    "name": "Can view resource type",
    "content_type": 27,
    "codename": "view_resourcetype"
  }
},
{
  "model": "auth.permission",
  "pk": 111,
  "fields": {
    "name": "Can add resource attribute type",
    "content_type": 28,
    "codename": "add_resourceattributetype"
  }
},
{
  "model": "auth.permission",
  "pk": 112,
  "fields": {
    "name": "Can change resource attribute type",
    "content_type": 28,
    "codename": "change_resourceattributetype"
  }
},
{
  "model": "auth.permission",
  "pk": 113,
  "fields": {
    "name": "Can delete resource attribute type",
    "content_type": 28,
    "codename": "delete_resourceattributetype"
  }
},
{
  "model": "auth.permission",
  "pk": 114,
  "fields": {
    "name": "Can view resource attribute type",
    "content_type": 28,
    "codename": "view_resourceattributetype"
  }
},
{
  "model": "auth.permission",
  "pk": 115,
  "fields": {
    "name": "Can add resource",
    "content_type": 29,
    "codename": "add_resource"
  }
},
{
  "model": "auth.permission",
  "pk": 116,
  "fields": {
    "name": "Can change resource",
    "content_type": 29,
    "codename": "change_resource"
  }
},
{
  "model": "auth.permission",
  "pk": 117,
  "fields": {
    "name": "Can delete resource",
    "content_type": 29,
    "codename": "delete_resource"
  }
},
{
  "model": "auth.permission",
  "pk": 118,
  "fields": {
    "name": "Can view resource",
    "content_type": 29,
    "codename": "view_resource"
  }
},
{
  "model": "auth.permission",
  "pk": 119,
  "fields": {
    "name": "Can add historical resource type",
    "content_type": 30,
    "codename": "add_historicalresourcetype"
  }
},
{
  "model": "auth.permission",
  "pk": 120,
  "fields": {
    "name": "Can change historical resource type",
    "content_type": 30,
    "codename": "change_historicalresourcetype"
  }
},
{
  "model": "auth.permission",
  "pk": 121,
  "fields": {
    "name": "Can delete historical resource type",
    "content_type": 30,
    "codename": "delete_historicalresourcetype"
  }
},
{
  "model": "auth.permission",
  "pk": 122,
  "fields": {
    "name": "Can view historical resource type",
    "content_type": 30,
    "codename": "view_historicalresourcetype"
  }
},
{
  "model": "auth.permission",
  "pk": 123,
  "fields": {
    "name": "Can add historical resource attribute type",
    "content_type": 31,
    "codename": "add_historicalresourceattributetype"
  }
},
{
  "model": "auth.permission",
  "pk": 124,
  "fields": {
    "name": "Can change historical resource attribute type",
    "content_type": 31,
    "codename": "change_historicalresourceattributetype"
  }
},
{
  "model": "auth.permission",
  "pk": 125,
  "fields": {
    "name": "Can delete historical resource attribute type",
    "content_type": 31,
    "codename": "delete_historicalresourceattributetype"
  }
},
{
  "model": "auth.permission",
  "pk": 126,
  "fields": {
    "name": "Can view historical resource attribute type",
    "content_type": 31,
    "codename": "view_historicalresourceattributetype"
  }
},
{
  "model": "auth.permission",
  "pk": 127,
  "fields": {
    "name": "Can add historical resource attribute",
    "content_type": 32,
    "codename": "add_historicalresourceattribute"
  }
},
{
  "model": "auth.permission",
  "pk": 128,
  "fields": {
    "name": "Can change historical resource attribute",
    "content_type": 32,
    "codename": "change_historicalresourceattribute"
  }
},
{
  "model": "auth.permission",
  "pk": 129,
  "fields": {
    "name": "Can delete historical resource attribute",
    "content_type": 32,
    "codename": "delete_historicalresourceattribute"
  }
},
{
  "model": "auth.permission",
  "pk": 130,
  "fields": {
    "name": "Can view historical resource attribute",
    "content_type": 32,
    "codename": "view_historicalresourceattribute"
  }
},
{
  "model": "auth.permission",
  "pk": 131,
  "fields": {
    "name": "Can add historical resource",
    "content_type": 33,
    "codename": "add_historicalresource"
  }
},
{
  "model": "auth.permission",
  "pk": 132,
  "fields": {
    "name": "Can change historical resource",
    "content_type": 33,
    "codename": "change_historicalresource"
  }
},
{
  "model": "auth.permission",
  "pk": 133,
  "fields": {
    "name": "Can delete historical resource",
    "content_type": 33,
    "codename": "delete_historicalresource"
  }
},
{
  "model": "auth.permission",
  "pk": 134,
  "fields": {
    "name": "Can view historical resource",
    "content_type": 33,
    "codename": "view_historicalresource"
  }
},
{
  "model": "auth.permission",
  "pk": 135,
  "fields": {
    "name": "Can add resource attribute",
    "content_type": 34,
    "codename": "add_resourceattribute"
  }
},
{
  "model": "auth.permission",
  "pk": 136,
  "fields": {
    "name": "Can change resource attribute",
    "content_type": 34,
    "codename": "change_resourceattribute"
  }
},
{
  "model": "auth.permission",
  "pk": 137,
  "fields": {
    "name": "Can delete resource attribute",
    "content_type": 34,
    "codename": "delete_resourceattribute"
  }
},
{
  "model": "auth.permission",
  "pk": 138,
  "fields": {
    "name": "Can view resource attribute",
    "content_type": 34,
    "codename": "view_resourceattribute"
  }
},
{
  "model": "auth.permission",
  "pk": 139,
  "fields": {
    "name": "Can add allocation",
    "content_type": 35,
    "codename": "add_allocation"
  }
},
{
  "model": "auth.permission",
  "pk": 140,
  "fields": {
    "name": "Can change allocation",
    "content_type": 35,
    "codename": "change_allocation"
  }
},
{
  "model": "auth.permission",
  "pk": 141,
  "fields": {
    "name": "Can delete allocation",
    "content_type": 35,
    "codename": "delete_allocation"
  }
},
{
  "model": "auth.permission",
  "pk": 142,
  "fields": {
    "name": "Can view allocation",
    "content_type": 35,
    "codename": "view_allocation"
  }
},
{
  "model": "auth.permission",
  "pk": 143,
  "fields": {
    "name": "Can view all allocations",
    "content_type": 35,
    "codename": "can_view_all_allocations"
  }
},
{
  "model": "auth.permission",
  "pk": 144,
  "fields": {
    "name": "Can review allocation requests",
    "content_type": 35,
    "codename": "can_review_allocation_requests"
  }
},
{
  "model": "auth.permission",
  "pk": 145,
  "fields": {
    "name": "Can manage invoice",
    "content_type": 35,
    "codename": "can_manage_invoice"
  }
},
{
  "model": "auth.permission",
  "pk": 146,
  "fields": {
    "name": "Can add allocation attribute",
    "content_type": 36,
    "codename": "add_allocationattribute"
  }
},
{
  "model": "auth.permission",
  "pk": 147,
  "fields": {
    "name": "Can change allocation attribute",
    "content_type": 36,
    "codename": "change_allocationattribute"
  }
},
{
  "model": "auth.permission",
  "pk": 148,
  "fields": {
    "name": "Can delete allocation attribute",
    "content_type": 36,
    "codename": "delete_allocationattribute"
  }
},
{
  "model": "auth.permission",
  "pk": 149,
  "fields": {
    "name": "Can view allocation attribute",
    "content_type": 36,
    "codename": "view_allocationattribute"
  }
},
{
  "model": "auth.permission",
  "pk": 150,
  "fields": {
    "name": "Can add allocation attribute type",
    "content_type": 37,
    "codename": "add_allocationattributetype"
  }
},
{
  "model": "auth.permission",
  "pk": 151,
  "fields": {
    "name": "Can change allocation attribute type",
    "content_type": 37,
    "codename": "change_allocationattributetype"
  }
},
{
  "model": "auth.permission",
  "pk": 152,
  "fields": {
    "name": "Can delete allocation attribute type",
    "content_type": 37,
    "codename": "delete_allocationattributetype"
  }
},
{
  "model": "auth.permission",
  "pk": 153,
  "fields": {
    "name": "Can view allocation attribute type",
    "content_type": 37,
    "codename": "view_allocationattributetype"
  }
},
{
  "model": "auth.permission",
  "pk": 154,
  "fields": {
    "name": "Can add allocation status choice",
    "content_type": 38,
    "codename": "add_allocationstatuschoice"
  }
},
{
  "model": "auth.permission",
  "pk": 155,
  "fields": {
    "name": "Can change allocation status choice",
    "content_type": 38,
    "codename": "change_allocationstatuschoice"
  }
},
{
  "model": "auth.permission",
  "pk": 156,
  "fields": {
    "name": "Can delete allocation status choice",
    "content_type": 38,
    "codename": "delete_allocationstatuschoice"
  }
},
{
  "model": "auth.permission",
  "pk": 157,
  "fields": {
    "name": "Can view allocation status choice",
    "content_type": 38,
    "codename": "view_allocationstatuschoice"
  }
},
{
  "model": "auth.permission",
  "pk": 158,
  "fields": {
    "name": "Can add allocation user status choice",
    "content_type": 39,
    "codename": "add_allocationuserstatuschoice"
  }
},
{
  "model": "auth.permission",
  "pk": 159,
  "fields": {
    "name": "Can change allocation user status choice",
    "content_type": 39,
    "codename": "change_allocationuserstatuschoice"
  }
},
{
  "model": "auth.permission",
  "pk": 160,
  "fields": {
    "name": "Can delete allocation user status choice",
    "content_type": 39,
    "codename": "delete_allocationuserstatuschoice"
  }
},
{
  "model": "auth.permission",
  "pk": 161,
  "fields": {
    "name": "Can view allocation user status choice",
    "content_type": 39,
    "codename": "view_allocationuserstatuschoice"
  }
},
{
  "model": "auth.permission",
  "pk": 162,
  "fields": {
    "name": "Can add attribute type",
    "content_type": 40,
    "codename": "add_attributetype"
  }
},
{
  "model": "auth.permission",
  "pk": 163,
  "fields": {
    "name": "Can change attribute type",
    "content_type": 40,
    "codename": "change_attributetype"
  }
},
{
  "model": "auth.permission",
  "pk": 164,
  "fields": {
    "name": "Can delete attribute type",
    "content_type": 40,
    "codename": "delete_attributetype"
  }
},
{
  "model": "auth.permission",
  "pk": 165,
  "fields": {
    "name": "Can view attribute type",
    "content_type": 40,
    "codename": "view_attributetype"
  }
},
{
  "model": "auth.permission",
  "pk": 166,
  "fields": {
    "name": "Can add allocation attribute usage",
    "content_type": 41,
    "codename": "add_allocationattributeusage"
  }
},
{
  "model": "auth.permission",
  "pk": 167,
  "fields": {
    "name": "Can change allocation attribute usage",
    "content_type": 41,
    "codename": "change_allocationattributeusage"
  }
},
{
  "model": "auth.permission",
  "pk": 168,
  "fields": {
    "name": "Can delete allocation attribute usage",
    "content_type": 41,
    "codename": "delete_allocationattributeusage"
  }
},
{
  "model": "auth.permission",
  "pk": 169,
  "fields": {
    "name": "Can view allocation attribute usage",
    "content_type": 41,
    "codename": "view_allocationattributeusage"
  }
},
{
  "model": "auth.permission",
  "pk": 170,
  "fields": {
    "name": "Can add historical allocation user",
    "content_type": 42,
    "codename": "add_historicalallocationuser"
  }
},
{
  "model": "auth.permission",
  "pk": 171,
  "fields": {
    "name": "Can change historical allocation user",
    "content_type": 42,
    "codename": "change_historicalallocationuser"
  }
},
{
  "model": "auth.permission",
  "pk": 172,
  "fields": {
    "name": "Can delete historical allocation user",
    "content_type": 42,
    "codename": "delete_historicalallocationuser"
  }
},
{
  "model": "auth.permission",
  "pk": 173,
  "fields": {
    "name": "Can view historical allocation user",
    "content_type": 42,
    "codename": "view_historicalallocationuser"
  }
},
{
  "model": "auth.permission",
  "pk": 174,
  "fields": {
    "name": "Can add historical allocation attribute usage",
    "content_type": 43,
    "codename": "add_historicalallocationattributeusage"
  }
},
{
  "model": "auth.permission",
  "pk": 175,
  "fields": {
    "name": "Can change historical allocation attribute usage",
    "content_type": 43,
    "codename": "change_historicalallocationattributeusage"
  }
},
{
  "model": "auth.permission",
  "pk": 176,
  "fields": {
    "name": "Can delete historical allocation attribute usage",
    "content_type": 43,
    "codename": "delete_historicalallocationattributeusage"
  }
},
{
  "model": "auth.permission",
  "pk": 177,
  "fields": {
    "name": "Can view historical allocation attribute usage",
    "content_type": 43,
    "codename": "view_historicalallocationattributeusage"
  }
},
{
  "model": "auth.permission",
  "pk": 178,
  "fields": {
    "name": "Can add historical allocation attribute type",
    "content_type": 44,
    "codename": "add_historicalallocationattributetype"
  }
},
{
  "model": "auth.permission",
  "pk": 179,
  "fields": {
    "name": "Can change historical allocation attribute type",
    "content_type": 44,
    "codename": "change_historicalallocationattributetype"
  }
},
{
  "model": "auth.permission",
  "pk": 180,
  "fields": {
    "name": "Can delete historical allocation attribute type",
    "content_type": 44,
    "codename": "delete_historicalallocationattributetype"
  }
},
{
  "model": "auth.permission",
  "pk": 181,
  "fields": {
    "name": "Can view historical allocation attribute type",
    "content_type": 44,
    "codename": "view_historicalallocationattributetype"
  }
},
{
  "model": "auth.permission",
  "pk": 182,
  "fields": {
    "name": "Can add historical allocation attribute",
    "content_type": 45,
    "codename": "add_historicalallocationattribute"
  }
},
{
  "model": "auth.permission",
  "pk": 183,
  "fields": {
    "name": "Can change historical allocation attribute",
    "content_type": 45,
    "codename": "change_historicalallocationattribute"
  }
},
{
  "model": "auth.permission",
  "pk": 184,
  "fields": {
    "name": "Can delete historical allocation attribute",
    "content_type": 45,
    "codename": "delete_historicalallocationattribute"
  }
},
{
  "model": "auth.permission",
  "pk": 185,
  "fields": {
    "name": "Can view historical allocation attribute",
    "content_type": 45,
    "codename": "view_historicalallocationattribute"
  }
},
{
  "model": "auth.permission",
  "pk": 186,
  "fields": {
    "name": "Can add historical allocation",
    "content_type": 46,
    "codename": "add_historicalallocation"
  }
},
{
  "model": "auth.permission",
  "pk": 187,
  "fields": {
    "name": "Can change historical allocation",
    "content_type": 46,
    "codename": "change_historicalallocation"
  }
},
{
  "model": "auth.permission",
  "pk": 188,
  "fields": {
    "name": "Can delete historical allocation",
    "content_type": 46,
    "codename": "delete_historicalallocation"
  }
},
{
  "model": "auth.permission",
  "pk": 189,
  "fields": {
    "name": "Can view historical allocation",
    "content_type": 46,
    "codename": "view_historicalallocation"
  }
},
{
  "model": "auth.permission",
  "pk": 190,
  "fields": {
    "name": "Can add allocation user note",
    "content_type": 47,
    "codename": "add_allocationusernote"
  }
},
{
  "model": "auth.permission",
  "pk": 191,
  "fields": {
    "name": "Can change allocation user note",
    "content_type": 47,
    "codename": "change_allocationusernote"
  }
},
{
  "model": "auth.permission",
  "pk": 192,
  "fields": {
    "name": "Can delete allocation user note",
    "content_type": 47,
    "codename": "delete_allocationusernote"
  }
},
{
  "model": "auth.permission",
  "pk": 193,
  "fields": {
    "name": "Can view allocation user note",
    "content_type": 47,
    "codename": "view_allocationusernote"
  }
},
{
  "model": "auth.permission",
  "pk": 194,
  "fields": {
    "name": "Can add allocation user",
    "content_type": 48,
    "codename": "add_allocationuser"
  }
},
{
  "model": "auth.permission",
  "pk": 195,
  "fields": {
    "name": "Can change allocation user",
    "content_type": 48,
    "codename": "change_allocationuser"
  }
},
{
  "model": "auth.permission",
  "pk": 196,
  "fields": {
    "name": "Can delete allocation user",
    "content_type": 48,
    "codename": "delete_allocationuser"
  }
},
{
  "model": "auth.permission",
  "pk": 197,
  "fields": {
    "name": "Can view allocation user",
    "content_type": 48,
    "codename": "view_allocationuser"
  }
},
{
  "model": "auth.permission",
  "pk": 198,
  "fields": {
    "name": "Can add allocation admin note",
    "content_type": 49,
    "codename": "add_allocationadminnote"
  }
},
{
  "model": "auth.permission",
  "pk": 199,
  "fields": {
    "name": "Can change allocation admin note",
    "content_type": 49,
    "codename": "change_allocationadminnote"
  }
},
{
  "model": "auth.permission",
  "pk": 200,
  "fields": {
    "name": "Can delete allocation admin note",
    "content_type": 49,
    "codename": "delete_allocationadminnote"
  }
},
{
  "model": "auth.permission",
  "pk": 201,
  "fields": {
    "name": "Can view allocation admin note",
    "content_type": 49,
    "codename": "view_allocationadminnote"
  }
},
{
  "model": "auth.permission",
  "pk": 202,
  "fields": {
    "name": "Can add allocation account",
    "content_type": 50,
    "codename": "add_allocationaccount"
  }
},
{
  "model": "auth.permission",
  "pk": 203,
  "fields": {
    "name": "Can change allocation account",
    "content_type": 50,
    "codename": "change_allocationaccount"
  }
},
{
  "model": "auth.permission",
  "pk": 204,
  "fields": {
    "name": "Can delete allocation account",
    "content_type": 50,
    "codename": "delete_allocationaccount"
  }
},
{
  "model": "auth.permission",
  "pk": 205,
  "fields": {
    "name": "Can view allocation account",
    "content_type": 50,
    "codename": "view_allocationaccount"
  }
},
{
  "model": "auth.permission",
  "pk": 206,
  "fields": {
    "name": "Can add allocation change request",
    "content_type": 51,
    "codename": "add_allocationchangerequest"
  }
},
{
  "model": "auth.permission",
  "pk": 207,
  "fields": {
    "name": "Can change allocation change request",
    "content_type": 51,
    "codename": "change_allocationchangerequest"
  }
},
{
  "model": "auth.permission",
  "pk": 208,
  "fields": {
    "name": "Can delete allocation change request",
    "content_type": 51,
    "codename": "delete_allocationchangerequest"
  }
},
{
  "model": "auth.permission",
  "pk": 209,
  "fields": {
    "name": "Can view allocation change request",
    "content_type": 51,
    "codename": "view_allocationchangerequest"
  }
},
{
  "model": "auth.permission",
  "pk": 210,
  "fields": {
    "name": "Can add allocation change status choice",
    "content_type": 52,
    "codename": "add_allocationchangestatuschoice"
  }
},
{
  "model": "auth.permission",
  "pk": 211,
  "fields": {
    "name": "Can change allocation change status choice",
    "content_type": 52,
    "codename": "change_allocationchangestatuschoice"
  }
},
{
  "model": "auth.permission",
  "pk": 212,
  "fields": {
    "name": "Can delete allocation change status choice",
    "content_type": 52,
    "codename": "delete_allocationchangestatuschoice"
  }
},
{
  "model": "auth.permission",
  "pk": 213,
  "fields": {
    "name": "Can view allocation change status choice",
    "content_type": 52,
    "codename": "view_allocationchangestatuschoice"
  }
},
{
  "model": "auth.permission",
  "pk": 214,
  "fields": {
    "name": "Can add historical allocation change request",
    "content_type": 53,
    "codename": "add_historicalallocationchangerequest"
  }
},
{
  "model": "auth.permission",
  "pk": 215,
  "fields": {
    "name": "Can change historical allocation change request",
    "content_type": 53,
    "codename": "change_historicalallocationchangerequest"
  }
},
{
  "model": "auth.permission",
  "pk": 216,
  "fields": {
    "name": "Can delete historical allocation change request",
    "content_type": 53,
    "codename": "delete_historicalallocationchangerequest"
  }
},
{
  "model": "auth.permission",
  "pk": 217,
  "fields": {
    "name": "Can view historical allocation change request",
    "content_type": 53,
    "codename": "view_historicalallocationchangerequest"
  }
},
{
  "model": "auth.permission",
  "pk": 218,
  "fields": {
    "name": "Can add historical allocation attribute change request",
    "content_type": 54,
    "codename": "add_historicalallocationattributechangerequest"
  }
},
{
  "model": "auth.permission",
  "pk": 219,
  "fields": {
    "name": "Can change historical allocation attribute change request",
    "content_type": 54,
    "codename": "change_historicalallocationattributechangerequest"
  }
},
{
  "model": "auth.permission",
  "pk": 220,
  "fields": {
    "name": "Can delete historical allocation attribute change request",
    "content_type": 54,
    "codename": "delete_historicalallocationattributechangerequest"
  }
},
{
  "model": "auth.permission",
  "pk": 221,
  "fields": {
    "name": "Can view historical allocation attribute change request",
    "content_type": 54,
    "codename": "view_historicalallocationattributechangerequest"
  }
},
{
  "model": "auth.permission",
  "pk": 222,
  "fields": {
    "name": "Can add allocation attribute change request",
    "content_type": 55,
    "codename": "add_allocationattributechangerequest"
  }
},
{
  "model": "auth.permission",
  "pk": 223,
  "fields": {
    "name": "Can change allocation attribute change request",
    "content_type": 55,
    "codename": "change_allocationattributechangerequest"
  }
},
{
  "model": "auth.permission",
  "pk": 224,
  "fields": {
    "name": "Can delete allocation attribute change request",
    "content_type": 55,
    "codename": "delete_allocationattributechangerequest"
  }
},
{
  "model": "auth.permission",
  "pk": 225,
  "fields": {
    "name": "Can view allocation attribute change request",
    "content_type": 55,
    "codename": "view_allocationattributechangerequest"
  }
},
{
  "model": "auth.permission",
  "pk": 226,
  "fields": {
    "name": "Can add grant funding agency",
    "content_type": 56,
    "codename": "add_grantfundingagency"
  }
},
{
  "model": "auth.permission",
  "pk": 227,
  "fields": {
    "name": "Can change grant funding agency",
    "content_type": 56,
    "codename": "change_grantfundingagency"
  }
},
{
  "model": "auth.permission",
  "pk": 228,
  "fields": {
    "name": "Can delete grant funding agency",
    "content_type": 56,
    "codename": "delete_grantfundingagency"
  }
},
{
  "model": "auth.permission",
  "pk": 229,
  "fields": {
    "name": "Can view grant funding agency",
    "content_type": 56,
    "codename": "view_grantfundingagency"
  }
},
{
  "model": "auth.permission",
  "pk": 230,
  "fields": {
    "name": "Can add grant status choice",
    "content_type": 57,
    "codename": "add_grantstatuschoice"
  }
},
{
  "model": "auth.permission",
  "pk": 231,
  "fields": {
    "name": "Can change grant status choice",
    "content_type": 57,
    "codename": "change_grantstatuschoice"
  }
},
{
  "model": "auth.permission",
  "pk": 232,
  "fields": {
    "name": "Can delete grant status choice",
    "content_type": 57,
    "codename": "delete_grantstatuschoice"
  }
},
{
  "model": "auth.permission",
  "pk": 233,
  "fields": {
    "name": "Can view grant status choice",
    "content_type": 57,
    "codename": "view_grantstatuschoice"
  }
},
{
  "model": "auth.permission",
  "pk": 234,
  "fields": {
    "name": "Can add historical grant",
    "content_type": 58,
    "codename": "add_historicalgrant"
  }
},
{
  "model": "auth.permission",
  "pk": 235,
  "fields": {
    "name": "Can change historical grant",
    "content_type": 58,
    "codename": "change_historicalgrant"
  }
},
{
  "model": "auth.permission",
  "pk": 236,
  "fields": {
    "name": "Can delete historical grant",
    "content_type": 58,
    "codename": "delete_historicalgrant"
  }
},
{
  "model": "auth.permission",
  "pk": 237,
  "fields": {
    "name": "Can view historical grant",
    "content_type": 58,
    "codename": "view_historicalgrant"
  }
},
{
  "model": "auth.permission",
  "pk": 238,
  "fields": {
    "name": "Can add grant",
    "content_type": 59,
    "codename": "add_grant"
  }
},
{
  "model": "auth.permission",
  "pk": 239,
  "fields": {
    "name": "Can change grant",
    "content_type": 59,
    "codename": "change_grant"
  }
},
{
  "model": "auth.permission",
  "pk": 240,
  "fields": {
    "name": "Can delete grant",
    "content_type": 59,
    "codename": "delete_grant"
  }
},
{
  "model": "auth.permission",
  "pk": 241,
  "fields": {
    "name": "Can view grant",
    "content_type": 59,
    "codename": "view_grant"
  }
},
{
  "model": "auth.permission",
  "pk": 242,
  "fields": {
    "name": "Can view all grants",
    "content_type": 59,
    "codename": "can_view_all_grants"
  }
},
{
  "model": "auth.permission",
  "pk": 243,
  "fields": {
    "name": "Can add publication source",
    "content_type": 60,
    "codename": "add_publicationsource"
  }
},
{
  "model": "auth.permission",
  "pk": 244,
  "fields": {
    "name": "Can change publication source",
    "content_type": 60,
    "codename": "change_publicationsource"
  }
},
{
  "model": "auth.permission",
  "pk": 245,
  "fields": {
    "name": "Can delete publication source",
    "content_type": 60,
    "codename": "delete_publicationsource"
  }
},
{
  "model": "auth.permission",
  "pk": 246,
  "fields": {
    "name": "Can view publication source",
    "content_type": 60,
    "codename": "view_publicationsource"
  }
},
{
  "model": "auth.permission",
  "pk": 247,
  "fields": {
    "name": "Can add historical publication",
    "content_type": 61,
    "codename": "add_historicalpublication"
  }
},
{
  "model": "auth.permission",
  "pk": 248,
  "fields": {
    "name": "Can change historical publication",
    "content_type": 61,
    "codename": "change_historicalpublication"
  }
},
{
  "model": "auth.permission",
  "pk": 249,
  "fields": {
    "name": "Can delete historical publication",
    "content_type": 61,
    "codename": "delete_historicalpublication"
  }
},
{
  "model": "auth.permission",
  "pk": 250,
  "fields": {
    "name": "Can view historical publication",
    "content_type": 61,
    "codename": "view_historicalpublication"
  }
},
{
  "model": "auth.permission",
  "pk": 251,
  "fields": {
    "name": "Can add publication",
    "content_type": 62,
    "codename": "add_publication"
  }
},
{
  "model": "auth.permission",
  "pk": 252,
  "fields": {
    "name": "Can change publication",
    "content_type": 62,
    "codename": "change_publication"
  }
},
{
  "model": "auth.permission",
  "pk": 253,
  "fields": {
    "name": "Can delete publication",
    "content_type": 62,
    "codename": "delete_publication"
  }
},
{
  "model": "auth.permission",
  "pk": 254,
  "fields": {
    "name": "Can view publication",
    "content_type": 62,
    "codename": "view_publication"
  }
},
{
  "model": "auth.permission",
  "pk": 255,
  "fields": {
    "name": "Can add research output",
    "content_type": 63,
    "codename": "add_researchoutput"
  }
},
{
  "model": "auth.permission",
  "pk": 256,
  "fields": {
    "name": "Can change research output",
    "content_type": 63,
    "codename": "change_researchoutput"
  }
},
{
  "model": "auth.permission",
  "pk": 257,
  "fields": {
    "name": "Can delete research output",
    "content_type": 63,
    "codename": "delete_researchoutput"
  }
},
{
  "model": "auth.permission",
  "pk": 258,
  "fields": {
    "name": "Can view research output",
    "content_type": 63,
    "codename": "view_researchoutput"
  }
},
{
  "model": "auth.permission",
  "pk": 259,
  "fields": {
    "name": "Can add historical research output",
    "content_type": 64,
    "codename": "add_historicalresearchoutput"
  }
},
{
  "model": "auth.permission",
  "pk": 260,
  "fields": {
    "name": "Can change historical research output",
    "content_type": 64,
    "codename": "change_historicalresearchoutput"
  }
},
{
  "model": "auth.permission",
  "pk": 261,
  "fields": {
    "name": "Can delete historical research output",
    "content_type": 64,
    "codename": "delete_historicalresearchoutput"
  }
},
{
  "model": "auth.permission",
  "pk": 262,
  "fields": {
    "name": "Can view historical research output",
    "content_type": 64,
    "codename": "view_historicalresearchoutput"
  }
},
{
  "model": "auth.permission",
  "pk": 263,
  "fields": {
    "name": "Can add organization",
    "content_type": 65,
    "codename": "add_organization"
  }
},
{
  "model": "auth.permission",
  "pk": 264,
  "fields": {
    "name": "Can change organization",
    "content_type": 65,
    "codename": "change_organization"
  }
},
{
  "model": "auth.permission",
  "pk": 265,
  "fields": {
    "name": "Can delete organization",
    "content_type": 65,
    "codename": "delete_organization"
  }
},
{
  "model": "auth.permission",
  "pk": 266,
  "fields": {
    "name": "Can view organization",
    "content_type": 65,
    "codename": "view_organization"
  }
},
{
  "model": "auth.permission",
  "pk": 267,
  "fields": {
    "name": "Can add organization user",
    "content_type": 66,
    "codename": "add_organizationuser"
  }
},
{
  "model": "auth.permission",
  "pk": 268,
  "fields": {
    "name": "Can change organization user",
    "content_type": 66,
    "codename": "change_organizationuser"
  }
},
{
  "model": "auth.permission",
  "pk": 269,
  "fields": {
    "name": "Can delete organization user",
    "content_type": 66,
    "codename": "delete_organizationuser"
  }
},
{
  "model": "auth.permission",
  "pk": 270,
  "fields": {
    "name": "Can view organization user",
    "content_type": 66,
    "codename": "view_organizationuser"
  }
},
{
  "model": "auth.permission",
  "pk": 271,
  "fields": {
    "name": "Can add organization project",
    "content_type": 67,
    "codename": "add_organizationproject"
  }
},
{
  "model": "auth.permission",
  "pk": 272,
  "fields": {
    "name": "Can change organization project",
    "content_type": 67,
    "codename": "change_organizationproject"
  }
},
{
  "model": "auth.permission",
  "pk": 273,
  "fields": {
    "name": "Can delete organization project",
    "content_type": 67,
    "codename": "delete_organizationproject"
  }
},
{
  "model": "auth.permission",
  "pk": 274,
  "fields": {
    "name": "Can view organization project",
    "content_type": 67,
    "codename": "view_organizationproject"
  }
},
{
  "model": "auth.permission",
  "pk": 275,
  "fields": {
    "name": "Can add organization level",
    "content_type": 68,
    "codename": "add_organizationlevel"
  }
},
{
  "model": "auth.permission",
  "pk": 276,
  "fields": {
    "name": "Can change organization level",
    "content_type": 68,
    "codename": "change_organizationlevel"
  }
},
{
  "model": "auth.permission",
  "pk": 277,
  "fields": {
    "name": "Can delete organization level",
    "content_type": 68,
    "codename": "delete_organizationlevel"
  }
},
{
  "model": "auth.permission",
  "pk": 278,
  "fields": {
    "name": "Can view organization level",
    "content_type": 68,
    "codename": "view_organizationlevel"
  }
},
{
  "model": "auth.permission",
  "pk": 279,
  "fields": {
    "name": "Can add directory2 organization",
    "content_type": 69,
    "codename": "add_directory2organization"
  }
},
{
  "model": "auth.permission",
  "pk": 280,
  "fields": {
    "name": "Can change directory2 organization",
    "content_type": 69,
    "codename": "change_directory2organization"
  }
},
{
  "model": "auth.permission",
  "pk": 281,
  "fields": {
    "name": "Can delete directory2 organization",
    "content_type": 69,
    "codename": "delete_directory2organization"
  }
},
{
  "model": "auth.permission",
  "pk": 282,
  "fields": {
    "name": "Can view directory2 organization",
    "content_type": 69,
    "codename": "view_directory2organization"
  }
},
{
  "model": "auth.user",
  "pk": 1,
  "fields": {
    "password": "",
    "last_login": null,
    "is_superuser": false,
    "username": "newton",
    "first_name": "Isaac",
    "last_name": "Newton",
    "email": "newton@example.com",
    "is_staff": false,
    "is_active": true,
    "date_joined": "2022-04-12T04:00:00Z",
    "groups": [],
    "user_permissions": []
  }
},
{
  "model": "auth.user",
  "pk": 2,
  "fields": {
    "password": "",
    "last_login": null,
    "is_superuser": false,
    "username": "einstein",
    "first_name": "Albert",
    "last_name": "Einstein",
    "email": "einstein@example.com",
    "is_staff": false,
    "is_active": true,
    "date_joined": "2022-04-12T04:00:00Z",
    "groups": [],
    "user_permissions": []
  }
},
{
  "model": "auth.user",
  "pk": 3,
  "fields": {
    "password": "",
    "last_login": null,
    "is_superuser": false,
    "username": "freud",
    "first_name": "Sigmund",
    "last_name": "Freud",
    "email": "freud@example.com",
    "is_staff": false,
    "is_active": true,
    "date_joined": "2022-04-12T04:00:00Z",
    "groups": [],
    "user_permissions": []
  }
},
{
  "model": "auth.user",
  "pk": 4,
  "fields": {
    "password": "",
    "last_login": null,
    "is_superuser": false,
    "username": "hawkeye",
    "first_name": "Benjamin",
    "last_name": "Pierce",
    "email": "hawkeye@example.com",
    "is_staff": false,
    "is_active": true,
    "date_joined": "2022-04-12T04:00:00Z",
    "groups": [],
    "user_permissions": []
  }
},
{
  "model": "auth.user",
  "pk": 5,
  "fields": {
    "password": "",
    "last_login": null,
    "is_superuser": false,
    "username": "orville",
    "first_name": "Orville",
    "last_name": "Wright",
    "email": "orville@example.com",
    "is_staff": false,
    "is_active": true,
    "date_joined": "2022-04-12T04:00:00Z",
    "groups": [],
    "user_permissions": []
  }
},
{
  "model": "auth.user",
  "pk": 6,
  "fields": {
    "password": "",
    "last_login": null,
    "is_superuser": false,
    "username": "wilbur",
    "first_name": "Wilbur",
    "last_name": "Wright",
    "email": "wilbur@example.com",
    "is_staff": false,
    "is_active": true,
    "date_joined": "2022-04-12T04:00:00Z",
    "groups": [],
    "user_permissions": []
  }
},
{
  "model": "contenttypes.contenttype",
  "pk": 1,
  "fields": {
    "app_label": "admin",
    "model": "logentry"
  }
},
{
  "model": "contenttypes.contenttype",
  "pk": 2,
  "fields": {
    "app_label": "auth",
    "model": "permission"
  }
},
{
  "model": "contenttypes.contenttype",
  "pk": 3,
  "fields": {
    "app_label": "auth",
    "model": "group"
  }
},
{
  "model": "contenttypes.contenttype",
  "pk": 4,
  "fields": {
    "app_label": "auth",
    "model": "user"
  }
},
{
  "model": "contenttypes.contenttype",
  "pk": 5,
  "fields": {
    "app_label": "contenttypes",
    "model": "contenttype"
  }
},
{
  "model": "contenttypes.contenttype",
  "pk": 6,
  "fields": {
    "app_label": "sessions",
    "model": "session"
  }
},
{
  "model": "contenttypes.contenttype",
  "pk": 7,
  "fields": {
    "app_label": "django_q",
    "model": "schedule"
  }
},
{
  "model": "contenttypes.contenttype",
  "pk": 8,
  "fields": {
    "app_label": "django_q",
    "model": "task"
  }
},
{
  "model": "contenttypes.contenttype",
  "pk": 9,
  "fields": {
    "app_label": "django_q",
    "model": "failure"
  }
},
{
  "model": "contenttypes.contenttype",
  "pk": 10,
  "fields": {
    "app_label": "django_q",
    "model": "success"
  }
},
{
  "model": "contenttypes.contenttype",
  "pk": 11,
  "fields": {
    "app_label": "django_q",
    "model": "ormq"
  }
},
{
  "model": "contenttypes.contenttype",
  "pk": 12,
  "fields": {
    "app_label": "user",
    "model": "userprofile"
  }
},
{
  "model": "contenttypes.contenttype",
  "pk": 13,
  "fields": {
    "app_label": "field_of_science",
    "model": "fieldofscience"
  }
},
{
  "model": "contenttypes.contenttype",
  "pk": 14,
  "fields": {
    "app_label": "project",
    "model": "project"
  }
},
{
  "model": "contenttypes.contenttype",
  "pk": 15,
  "fields": {
    "app_label": "project",
    "model": "projectreviewstatuschoice"
  }
},
{
  "model": "contenttypes.contenttype",
  "pk": 16,
  "fields": {
    "app_label": "project",
    "model": "projectstatuschoice"
  }
},
{
  "model": "contenttypes.contenttype",
  "pk": 17,
  "fields": {
    "app_label": "project",
    "model": "projectuserrolechoice"
  }
},
{
  "model": "contenttypes.contenttype",
  "pk": 18,
  "fields": {
    "app_label": "project",
    "model": "projectuserstatuschoice"
  }
},
{
  "model": "contenttypes.contenttype",
  "pk": 19,
  "fields": {
    "app_label": "project",
    "model": "projectusermessage"
  }
},
{
  "model": "contenttypes.contenttype",
  "pk": 20,
  "fields": {
    "app_label": "project",
    "model": "projectreview"
  }
},
{
  "model": "contenttypes.contenttype",
  "pk": 21,
  "fields": {
    "app_label": "project",
    "model": "projectadmincomment"
  }
},
{
  "model": "contenttypes.contenttype",
  "pk": 22,
  "fields": {
    "app_label": "project",
    "model": "historicalprojectuser"
  }
},
{
  "model": "contenttypes.contenttype",
  "pk": 23,
  "fields": {
    "app_label": "project",
    "model": "historicalprojectreview"
  }
},
{
  "model": "contenttypes.contenttype",
  "pk": 24,
  "fields": {
    "app_label": "project",
    "model": "historicalproject"
  }
},
{
  "model": "contenttypes.contenttype",
  "pk": 25,
  "fields": {
    "app_label": "project",
    "model": "projectuser"
  }
},
{
  "model": "contenttypes.contenttype",
  "pk": 26,
  "fields": {
    "app_label": "resource",
    "model": "attributetype"
  }
},
{
  "model": "contenttypes.contenttype",
  "pk": 27,
  "fields": {
    "app_label": "resource",
    "model": "resourcetype"
  }
},
{
  "model": "contenttypes.contenttype",
  "pk": 28,
  "fields": {
    "app_label": "resource",
    "model": "resourceattributetype"
  }
},
{
  "model": "contenttypes.contenttype",
  "pk": 29,
  "fields": {
    "app_label": "resource",
    "model": "resource"
  }
},
{
  "model": "contenttypes.contenttype",
  "pk": 30,
  "fields": {
    "app_label": "resource",
    "model": "historicalresourcetype"
  }
},
{
  "model": "contenttypes.contenttype",
  "pk": 31,
  "fields": {
    "app_label": "resource",
    "model": "historicalresourceattributetype"
  }
},
{
  "model": "contenttypes.contenttype",
  "pk": 32,
  "fields": {
    "app_label": "resource",
    "model": "historicalresourceattribute"
  }
},
{
  "model": "contenttypes.contenttype",
  "pk": 33,
  "fields": {
    "app_label": "resource",
    "model": "historicalresource"
  }
},
{
  "model": "contenttypes.contenttype",
  "pk": 34,
  "fields": {
    "app_label": "resource",
    "model": "resourceattribute"
  }
},
{
  "model": "contenttypes.contenttype",
  "pk": 35,
  "fields": {
    "app_label": "allocation",
    "model": "allocation"
  }
},
{
  "model": "contenttypes.contenttype",
  "pk": 36,
  "fields": {
    "app_label": "allocation",
    "model": "allocationattribute"
  }
},
{
  "model": "contenttypes.contenttype",
  "pk": 37,
  "fields": {
    "app_label": "allocation",
    "model": "allocationattributetype"
  }
},
{
  "model": "contenttypes.contenttype",
  "pk": 38,
  "fields": {
    "app_label": "allocation",
    "model": "allocationstatuschoice"
  }
},
{
  "model": "contenttypes.contenttype",
  "pk": 39,
  "fields": {
    "app_label": "allocation",
    "model": "allocationuserstatuschoice"
  }
},
{
  "model": "contenttypes.contenttype",
  "pk": 40,
  "fields": {
    "app_label": "allocation",
    "model": "attributetype"
  }
},
{
  "model": "contenttypes.contenttype",
  "pk": 41,
  "fields": {
    "app_label": "allocation",
    "model": "allocationattributeusage"
  }
},
{
  "model": "contenttypes.contenttype",
  "pk": 42,
  "fields": {
    "app_label": "allocation",
    "model": "historicalallocationuser"
  }
},
{
  "model": "contenttypes.contenttype",
  "pk": 43,
  "fields": {
    "app_label": "allocation",
    "model": "historicalallocationattributeusage"
  }
},
{
  "model": "contenttypes.contenttype",
  "pk": 44,
  "fields": {
    "app_label": "allocation",
    "model": "historicalallocationattributetype"
  }
},
{
  "model": "contenttypes.contenttype",
  "pk": 45,
  "fields": {
    "app_label": "allocation",
    "model": "historicalallocationattribute"
  }
},
{
  "model": "contenttypes.contenttype",
  "pk": 46,
  "fields": {
    "app_label": "allocation",
    "model": "historicalallocation"
  }
},
{
  "model": "contenttypes.contenttype",
  "pk": 47,
  "fields": {
    "app_label": "allocation",
    "model": "allocationusernote"
  }
},
{
  "model": "contenttypes.contenttype",
  "pk": 48,
  "fields": {
    "app_label": "allocation",
    "model": "allocationuser"
  }
},
{
  "model": "contenttypes.contenttype",
  "pk": 49,
  "fields": {
    "app_label": "allocation",
    "model": "allocationadminnote"
  }
},
{
  "model": "contenttypes.contenttype",
  "pk": 50,
  "fields": {
    "app_label": "allocation",
    "model": "allocationaccount"
  }
},
{
  "model": "contenttypes.contenttype",
  "pk": 51,
  "fields": {
    "app_label": "allocation",
    "model": "allocationchangerequest"
  }
},
{
  "model": "contenttypes.contenttype",
  "pk": 52,
  "fields": {
    "app_label": "allocation",
    "model": "allocationchangestatuschoice"
  }
},
{
  "model": "contenttypes.contenttype",
  "pk": 53,
  "fields": {
    "app_label": "allocation",
    "model": "historicalallocationchangerequest"
  }
},
{
  "model": "contenttypes.contenttype",
  "pk": 54,
  "fields": {
    "app_label": "allocation",
    "model": "historicalallocationattributechangerequest"
  }
},
{
  "model": "contenttypes.contenttype",
  "pk": 55,
  "fields": {
    "app_label": "allocation",
    "model": "allocationattributechangerequest"
  }
},
{
  "model": "contenttypes.contenttype",
  "pk": 56,
  "fields": {
    "app_label": "grant",
    "model": "grantfundingagency"
  }
},
{
  "model": "contenttypes.contenttype",
  "pk": 57,
  "fields": {
    "app_label": "grant",
    "model": "grantstatuschoice"
  }
},
{
  "model": "contenttypes.contenttype",
  "pk": 58,
  "fields": {
    "app_label": "grant",
    "model": "historicalgrant"
  }
},
{
  "model": "contenttypes.contenttype",
  "pk": 59,
  "fields": {
    "app_label": "grant",
    "model": "grant"
  }
},
{
  "model": "contenttypes.contenttype",
  "pk": 60,
  "fields": {
    "app_label": "publication",
    "model": "publicationsource"
  }
},
{
  "model": "contenttypes.contenttype",
  "pk": 61,
  "fields": {
    "app_label": "publication",
    "model": "historicalpublication"
  }
},
{
  "model": "contenttypes.contenttype",
  "pk": 62,
  "fields": {
    "app_label": "publication",
    "model": "publication"
  }
},
{
  "model": "contenttypes.contenttype",
  "pk": 63,
  "fields": {
    "app_label": "research_output",
    "model": "researchoutput"
  }
},
{
  "model": "contenttypes.contenttype",
  "pk": 64,
  "fields": {
    "app_label": "research_output",
    "model": "historicalresearchoutput"
  }
},
{
  "model": "contenttypes.contenttype",
  "pk": 65,
  "fields": {
    "app_label": "organization",
    "model": "organization"
  }
},
{
  "model": "contenttypes.contenttype",
  "pk": 66,
  "fields": {
    "app_label": "organization",
    "model": "organizationuser"
  }
},
{
  "model": "contenttypes.contenttype",
  "pk": 67,
  "fields": {
    "app_label": "organization",
    "model": "organizationproject"
  }
},
{
  "model": "contenttypes.contenttype",
  "pk": 68,
  "fields": {
    "app_label": "organization",
    "model": "organizationlevel"
  }
},
{
  "model": "contenttypes.contenttype",
  "pk": 69,
  "fields": {
    "app_label": "organization",
    "model": "directory2organization"
  }
},
{
  "model": "django_q.schedule",
  "pk": 1,
  "fields": {
    "name": null,
    "func": "coldfront.core.allocation.tasks.update_statuses",
    "hook": null,
    "args": "()",
    "kwargs": "{}",
    "schedule_type": "D",
    "minutes": null,
    "repeats": -1,
    "next_run": "2022-04-13T00:00:00Z",
    "cron": null,
    "task": null,
    "cluster": null
  }
},
{
  "model": "django_q.schedule",
  "pk": 2,
  "fields": {
    "name": null,
    "func": "coldfront.core.allocation.tasks.send_expiry_emails",
    "hook": null,
    "args": "()",
    "kwargs": "{}",
    "schedule_type": "D",
    "minutes": null,
    "repeats": -1,
    "next_run": "2022-04-13T00:00:00Z",
    "cron": null,
    "task": null,
    "cluster": null
  }
},
{
  "model": "user.userprofile",
  "pk": 1,
  "fields": {
    "user": 1,
    "is_pi": false
  }
},
{
  "model": "user.userprofile",
  "pk": 2,
  "fields": {
    "user": 2,
    "is_pi": true
  }
},
{
  "model": "user.userprofile",
  "pk": 3,
  "fields": {
    "user": 3,
    "is_pi": true
  }
},
{
  "model": "user.userprofile",
  "pk": 4,
  "fields": {
    "user": 4,
    "is_pi": true
  }
},
{
  "model": "user.userprofile",
  "pk": 5,
  "fields": {
    "user": 5,
    "is_pi": true
  }
},
{
  "model": "user.userprofile",
  "pk": 6,
  "fields": {
    "user": 6,
    "is_pi": false
  }
},
{
  "model": "field_of_science.fieldofscience",
  "pk": 1,
  "fields": {
    "created": "2022-04-12T15:02:23.684Z",
    "modified": "2022-04-12T15:02:23.684Z",
    "parent_id": null,
    "is_selectable": false,
    "description": "Mathematical and Physical Sciences",
    "fos_nsf_id": 100,
    "fos_nsf_abbrev": "MPS",
    "directorate_fos_id": 1
  }
},
{
  "model": "field_of_science.fieldofscience",
  "pk": 2,
  "fields": {
    "created": "2022-04-12T15:02:23.691Z",
    "modified": "2022-04-12T15:02:23.699Z",
    "parent_id": 1,
    "is_selectable": false,
    "description": "Mathematical Sciences",
    "fos_nsf_id": 110,
    "fos_nsf_abbrev": "DMS",
    "directorate_fos_id": 1
  }
},
{
  "model": "field_of_science.fieldofscience",
  "pk": 3,
  "fields": {
    "created": "2022-04-12T15:02:23.704Z",
    "modified": "2022-04-12T15:02:23.713Z",
    "parent_id": 2,
    "is_selectable": true,
    "description": "Classical Analysis",
    "fos_nsf_id": 111,
    "fos_nsf_abbrev": "",
    "directorate_fos_id": 1
  }
},
{
  "model": "field_of_science.fieldofscience",
  "pk": 4,
  "fields": {
    "created": "2022-04-12T15:02:23.718Z",
    "modified": "2022-04-12T15:02:23.727Z",
    "parent_id": 2,
    "is_selectable": true,
    "description": "Modern Analysis",
    "fos_nsf_id": 112,
    "fos_nsf_abbrev": "",
    "directorate_fos_id": 1
  }
},
{
  "model": "field_of_science.fieldofscience",
  "pk": 5,
  "fields": {
    "created": "2022-04-12T15:02:23.732Z",
    "modified": "2022-04-12T15:02:23.741Z",
    "parent_id": 2,
    "is_selectable": true,
    "description": "Geometric Analysis",
    "fos_nsf_id": 113,
    "fos_nsf_abbrev": "",
    "directorate_fos_id": 1
  }
},
{
  "model": "field_of_science.fieldofscience",
  "pk": 6,
  "fields": {
    "created": "2022-04-12T15:02:23.747Z",
    "modified": "2022-04-12T15:02:23.755Z",
    "parent_id": 2,
    "is_selectable": true,
    "description": "Topology and Foundations",
    "fos_nsf_id": 114,
    "fos_nsf_abbrev": "",
    "directorate_fos_id": 1
  }
},
{
  "model": "field_of_science.fieldofscience",
  "pk": 7,
  "fields": {
    "created": "2022-04-12T15:02:23.761Z",
    "modified": "2022-04-12T15:02:23.769Z",
    "parent_id": 2,
    "is_selectable": true,
    "description": "Algebra and Number Theory",
    "fos_nsf_id": 115,
    "fos_nsf_abbrev": "",
    "directorate_fos_id": 1
  }
},
{
  "model": "field_of_science.fieldofscience",
  "pk": 8,
  "fields": {
    "created": "2022-04-12T15:02:23.775Z",
    "modified": "2022-04-12T15:02:23.784Z",
    "parent_id": 2,
    "is_selectable": true,
    "description": "Applied Mathematics",
    "fos_nsf_id": 116,
    "fos_nsf_abbrev": "",
    "directorate_fos_id": 1
  }
},
{
  "model": "field_of_science.fieldofscience",
  "pk": 9,
  "fields": {
    "created": "2022-04-12T15:02:23.789Z",
    "modified": "2022-04-12T15:02:23.799Z",
    "parent_id": 2,
    "is_selectable": true,
    "description": "Statistics and Probability",
    "fos_nsf_id": 117,
    "fos_nsf_abbrev": "",
    "directorate_fos_id": 1
  }
},
{
  "model": "field_of_science.fieldofscience",
  "pk": 10,
  "fields": {
    "created": "2022-04-12T15:02:23.804Z",
    "modified": "2022-04-12T15:02:23.813Z",
    "parent_id": 2,
    "is_selectable": true,
    "description": "Computational Mathematics",
    "fos_nsf_id": 118,
    "fos_nsf_abbrev": "",
    "directorate_fos_id": 1
  }
},
{
  "model": "field_of_science.fieldofscience",
  "pk": 11,
  "fields": {
    "created": "2022-04-12T15:02:23.818Z",
    "modified": "2022-04-12T15:02:23.827Z",
    "parent_id": 1,
    "is_selectable": false,
    "description": "Astronomical Sciences",
    "fos_nsf_id": 120,
    "fos_nsf_abbrev": "AST",
    "directorate_fos_id": 1
  }
},
{
  "model": "field_of_science.fieldofscience",
  "pk": 12,
  "fields": {
    "created": "2022-04-12T15:02:23.832Z",
    "modified": "2022-04-12T15:02:23.840Z",
    "parent_id": 11,
    "is_selectable": true,
    "description": "Extragalactic Astronomy and Cosmology",
    "fos_nsf_id": 121,
    "fos_nsf_abbrev": "",
    "directorate_fos_id": 1
  }
},
{
  "model": "field_of_science.fieldofscience",
  "pk": 13,
  "fields": {
    "created": "2022-04-12T15:02:23.846Z",
    "modified": "2022-04-12T15:02:23.854Z",
    "parent_id": 11,
    "is_selectable": true,
    "description": "Planetary Astronomy",
    "fos_nsf_id": 122,
    "fos_nsf_abbrev": "",
    "directorate_fos_id": 1
  }
},
{
  "model": "field_of_science.fieldofscience",
  "pk": 14,
  "fields": {
    "created": "2022-04-12T15:02:23.860Z",
    "modified": "2022-04-12T15:02:23.868Z",
    "parent_id": 11,
    "is_selectable": true,
    "description": "Stellar Astronomy and Astrophysics",
    "fos_nsf_id": 123,
    "fos_nsf_abbrev": "",
    "directorate_fos_id": 1
  }
},
{
  "model": "field_of_science.fieldofscience",
  "pk": 15,
  "fields": {
    "created": "2022-04-12T15:02:23.874Z",
    "modified": "2022-04-12T15:02:23.882Z",
    "parent_id": 11,
    "is_selectable": true,
    "description": "Galactic Astronomy",
    "fos_nsf_id": 124,
    "fos_nsf_abbrev": "",
    "directorate_fos_id": 1
  }
},
{
  "model": "field_of_science.fieldofscience",
  "pk": 16,
  "fields": {
    "created": "2022-04-12T15:02:23.888Z",
    "modified": "2022-04-12T15:02:23.897Z",
    "parent_id": 1,
    "is_selectable": false,
    "description": "Physics",
    "fos_nsf_id": 130,
    "fos_nsf_abbrev": "PHY",
    "directorate_fos_id": 1
  }
},
{
  "model": "field_of_science.fieldofscience",
  "pk": 17,
  "fields": {
    "created": "2022-04-12T15:02:23.902Z",
    "modified": "2022-04-12T15:02:23.911Z",
    "parent_id": 16,
    "is_selectable": true,
    "description": "Elementary Particle Physics",
    "fos_nsf_id": 131,
    "fos_nsf_abbrev": "",
    "directorate_fos_id": 1
  }
},
{
  "model": "field_of_science.fieldofscience",
  "pk": 18,
  "fields": {
    "created": "2022-04-12T15:02:23.916Z",
    "modified": "2022-04-12T15:02:23.925Z",
    "parent_id": 16,
    "is_selectable": true,
    "description": "Nuclear Physics",
    "fos_nsf_id": 132,
    "fos_nsf_abbrev": "",
    "directorate_fos_id": 1
  }
},
{
  "model": "field_of_science.fieldofscience",
  "pk": 19,
  "fields": {
    "created": "2022-04-12T15:02:23.931Z",
    "modified": "2022-04-12T15:02:23.940Z",
    "parent_id": 16,
    "is_selectable": true,
    "description": "Atomic, Molecular, and Optical Physics",
    "fos_nsf_id": 133,
    "fos_nsf_abbrev": "",
    "directorate_fos_id": 1
  }
},
{
  "model": "field_of_science.fieldofscience",
  "pk": 20,
  "fields": {
    "created": "2022-04-12T15:02:23.946Z",
    "modified": "2022-04-12T15:02:23.955Z",
    "parent_id": 16,
    "is_selectable": true,
    "description": "Theoretical Physics",
    "fos_nsf_id": 134,
    "fos_nsf_abbrev": "",
    "directorate_fos_id": 1
  }
},
{
  "model": "field_of_science.fieldofscience",
  "pk": 21,
  "fields": {
    "created": "2022-04-12T15:02:23.960Z",
    "modified": "2022-04-12T15:02:23.970Z",
    "parent_id": 16,
    "is_selectable": true,
    "description": "Gravitational Physics",
    "fos_nsf_id": 135,
    "fos_nsf_abbrev": "",
    "directorate_fos_id": 1
  }
},
{
  "model": "field_of_science.fieldofscience",
  "pk": 22,
  "fields": {
    "created": "2022-04-12T15:02:23.976Z",
    "modified": "2022-04-12T15:02:23.985Z",
    "parent_id": 1,
    "is_selectable": false,
    "description": "Chemistry",
    "fos_nsf_id": 140,
    "fos_nsf_abbrev": "CHE",
    "directorate_fos_id": 1
  }
},
{
  "model": "field_of_science.fieldofscience",
  "pk": 23,
  "fields": {
    "created": "2022-04-12T15:02:23.991Z",
    "modified": "2022-04-12T15:02:24.000Z",
    "parent_id": 22,
    "is_selectable": true,
    "description": "Analytical and Surface Chemistry",
    "fos_nsf_id": 141,
    "fos_nsf_abbrev": "",
    "directorate_fos_id": 1
  }
},
{
  "model": "field_of_science.fieldofscience",
  "pk": 24,
  "fields": {
    "created": "2022-04-12T15:02:24.006Z",
    "modified": "2022-04-12T15:02:24.015Z",
    "parent_id": 22,
    "is_selectable": true,
    "description": "Inorganic, Bioinorganic, and Organometallic Chemistry",
    "fos_nsf_id": 142,
    "fos_nsf_abbrev": "",
    "directorate_fos_id": 1
  }
},
{
  "model": "field_of_science.fieldofscience",
  "pk": 25,
  "fields": {
    "created": "2022-04-12T15:02:24.020Z",
    "modified": "2022-04-12T15:02:24.029Z",
    "parent_id": 22,
    "is_selectable": true,
    "description": "Organic and Macromolecular Chemistry",
    "fos_nsf_id": 143,
    "fos_nsf_abbrev": "",
    "directorate_fos_id": 1
  }
},
{
  "model": "field_of_science.fieldofscience",
  "pk": 26,
  "fields": {
    "created": "2022-04-12T15:02:24.035Z",
    "modified": "2022-04-12T15:02:24.044Z",
    "parent_id": 22,
    "is_selectable": true,
    "description": "Physical Chemistry",
    "fos_nsf_id": 144,
    "fos_nsf_abbrev": "",
    "directorate_fos_id": 1
  }
},
{
  "model": "field_of_science.fieldofscience",
  "pk": 27,
  "fields": {
    "created": "2022-04-12T15:02:24.050Z",
    "modified": "2022-04-12T15:02:24.059Z",
    "parent_id": 1,
    "is_selectable": false,
    "description": "Materials Research",
    "fos_nsf_id": 150,
    "fos_nsf_abbrev": "DMR",
    "directorate_fos_id": 1
  }
},
{
  "model": "field_of_science.fieldofscience",
  "pk": 28,
  "fields": {
    "created": "2022-04-12T15:02:24.064Z",
    "modified": "2022-04-12T15:02:24.073Z",
    "parent_id": 27,
    "is_selectable": true,
    "description": "Solid State Chemistry and Polymers",
    "fos_nsf_id": 152,
    "fos_nsf_abbrev": "",
    "directorate_fos_id": 1
  }
},
{
  "model": "field_of_science.fieldofscience",
  "pk": 29,
  "fields": {
    "created": "2022-04-12T15:02:24.079Z",
    "modified": "2022-04-12T15:02:24.088Z",
    "parent_id": 27,
    "is_selectable": true,
    "description": "Condensed Matter Physics",
    "fos_nsf_id": 154,
    "fos_nsf_abbrev": "",
    "directorate_fos_id": 1
  }
},
{
  "model": "field_of_science.fieldofscience",
  "pk": 30,
  "fields": {
    "created": "2022-04-12T15:02:24.094Z",
    "modified": "2022-04-12T15:02:24.102Z",
    "parent_id": 27,
    "is_selectable": true,
    "description": "Metals, Ceramics, and Electronic Materials",
    "fos_nsf_id": 156,
    "fos_nsf_abbrev": "",
    "directorate_fos_id": 1
  }
},
{
  "model": "field_of_science.fieldofscience",
  "pk": 31,
  "fields": {
    "created": "2022-04-12T15:02:24.108Z",
    "modified": "2022-04-12T15:02:24.108Z",
    "parent_id": null,
    "is_selectable": false,
    "description": "Computer and Information Science and Engineering",
    "fos_nsf_id": 300,
    "fos_nsf_abbrev": "CIE",
    "directorate_fos_id": 31
  }
},
{
  "model": "field_of_science.fieldofscience",
  "pk": 32,
  "fields": {
    "created": "2022-04-12T15:02:24.115Z",
    "modified": "2022-04-12T15:02:24.124Z",
    "parent_id": 31,
    "is_selectable": false,
    "description": "Computer and Computation Research",
    "fos_nsf_id": 310,
    "fos_nsf_abbrev": "CCR",
    "directorate_fos_id": 31
  }
},
{
  "model": "field_of_science.fieldofscience",
  "pk": 33,
  "fields": {
    "created": "2022-04-12T15:02:24.129Z",
    "modified": "2022-04-12T15:02:24.138Z",
    "parent_id": 32,
    "is_selectable": true,
    "description": "Computer and Computation Theory",
    "fos_nsf_id": 311,
    "fos_nsf_abbrev": "",
    "directorate_fos_id": 31
  }
},
{
  "model": "field_of_science.fieldofscience",
  "pk": 34,
  "fields": {
    "created": "2022-04-12T15:02:24.143Z",
    "modified": "2022-04-12T15:02:24.152Z",
    "parent_id": 32,
    "is_selectable": true,
    "description": "Numeric and Symbolic Computation",
    "fos_nsf_id": 312,
    "fos_nsf_abbrev": "",
    "directorate_fos_id": 31
  }
},
{
  "model": "field_of_science.fieldofscience",
  "pk": 35,
  "fields": {
    "created": "2022-04-12T15:02:24.157Z",
    "modified": "2022-04-12T15:02:24.166Z",
    "parent_id": 32,
    "is_selectable": true,
    "description": "Computer Systems Architecture",
    "fos_nsf_id": 313,
    "fos_nsf_abbrev": "",
    "directorate_fos_id": 31
  }
},
{
  "model": "field_of_science.fieldofscience",
  "pk": 36,
  "fields": {
    "created": "2022-04-12T15:02:24.172Z",
    "modified": "2022-04-12T15:02:24.180Z",
    "parent_id": 32,
    "is_selectable": true,
    "description": "Software Systems",
    "fos_nsf_id": 314,
    "fos_nsf_abbrev": "",
    "directorate_fos_id": 31
  }
},
{
  "model": "field_of_science.fieldofscience",
  "pk": 37,
  "fields": {
    "created": "2022-04-12T15:02:24.186Z",
    "modified": "2022-04-12T15:02:24.195Z",
    "parent_id": 32,
    "is_selectable": true,
    "description": "Software Engineering",
    "fos_nsf_id": 315,
    "fos_nsf_abbrev": "",
    "directorate_fos_id": 31
  }
},
{
  "model": "field_of_science.fieldofscience",
  "pk": 38,
  "fields": {
    "created": "2022-04-12T15:02:24.201Z",
    "modified": "2022-04-12T15:02:24.209Z",
    "parent_id": 31,
    "is_selectable": false,
    "description": "Information, Robotics, and Intelligent Systems",
    "fos_nsf_id": 320,
    "fos_nsf_abbrev": "IRI",
    "directorate_fos_id": 31
  }
},
{
  "model": "field_of_science.fieldofscience",
  "pk": 39,
  "fields": {
    "created": "2022-04-12T15:02:24.215Z",
    "modified": "2022-04-12T15:02:24.224Z",
    "parent_id": 38,
    "is_selectable": true,
    "description": "Knowledge Models and Cognitive Systems",
    "fos_nsf_id": 321,
    "fos_nsf_abbrev": "",
    "directorate_fos_id": 31
  }
},
{
  "model": "field_of_science.fieldofscience",
  "pk": 40,
  "fields": {
    "created": "2022-04-12T15:02:24.229Z",
    "modified": "2022-04-12T15:02:24.238Z",
    "parent_id": 38,
    "is_selectable": true,
    "description": "Robotics and Machine Intelligence",
    "fos_nsf_id": 322,
    "fos_nsf_abbrev": "",
    "directorate_fos_id": 31
  }
},
{
  "model": "field_of_science.fieldofscience",
  "pk": 41,
  "fields": {
    "created": "2022-04-12T15:02:24.243Z",
    "modified": "2022-04-12T15:02:24.252Z",
    "parent_id": 38,
    "is_selectable": true,
    "description": "Interactive Systems",
    "fos_nsf_id": 323,
    "fos_nsf_abbrev": "",
    "directorate_fos_id": 31
  }
},
{
  "model": "field_of_science.fieldofscience",
  "pk": 42,
  "fields": {
    "created": "2022-04-12T15:02:24.257Z",
    "modified": "2022-04-12T15:02:24.266Z",
    "parent_id": 38,
    "is_selectable": true,
    "description": "Information Technology and Organizations",
    "fos_nsf_id": 324,
    "fos_nsf_abbrev": "",
    "directorate_fos_id": 31
  }
},
{
  "model": "field_of_science.fieldofscience",
  "pk": 43,
  "fields": {
    "created": "2022-04-12T15:02:24.271Z",
    "modified": "2022-04-12T15:02:24.280Z",
    "parent_id": 31,
    "is_selectable": false,
    "description": "Microelectronic Information Processing Systems",
    "fos_nsf_id": 330,
    "fos_nsf_abbrev": "MIP",
    "directorate_fos_id": 31
  }
},
{
  "model": "field_of_science.fieldofscience",
  "pk": 44,
  "fields": {
    "created": "2022-04-12T15:02:24.286Z",
    "modified": "2022-04-12T15:02:24.295Z",
    "parent_id": 43,
    "is_selectable": true,
    "description": "Microelectronic Systems Architecture",
    "fos_nsf_id": 331,
    "fos_nsf_abbrev": "",
    "directorate_fos_id": 31
  }
},
{
  "model": "field_of_science.fieldofscience",
  "pk": 45,
  "fields": {
    "created": "2022-04-12T15:02:24.300Z",
    "modified": "2022-04-12T15:02:24.309Z",
    "parent_id": 43,
    "is_selectable": true,
    "description": "Circuits and Signal Processing",
    "fos_nsf_id": 332,
    "fos_nsf_abbrev": "",
    "directorate_fos_id": 31
  }
},
{
  "model": "field_of_science.fieldofscience",
  "pk": 46,
  "fields": {
    "created": "2022-04-12T15:02:24.315Z",
    "modified": "2022-04-12T15:02:24.323Z",
    "parent_id": 43,
    "is_selectable": true,
    "description": "Experimental Systems",
    "fos_nsf_id": 333,
    "fos_nsf_abbrev": "",
    "directorate_fos_id": 31
  }
},
{
  "model": "field_of_science.fieldofscience",
  "pk": 47,
  "fields": {
    "created": "2022-04-12T15:02:24.328Z",
    "modified": "2022-04-12T15:02:24.336Z",
    "parent_id": 43,
    "is_selectable": true,
    "description": "Systems Prototyping and Fabrication",
    "fos_nsf_id": 334,
    "fos_nsf_abbrev": "",
    "directorate_fos_id": 31
  }
},
{
  "model": "field_of_science.fieldofscience",
  "pk": 48,
  "fields": {
    "created": "2022-04-12T15:02:24.342Z",
    "modified": "2022-04-12T15:02:24.351Z",
    "parent_id": 43,
    "is_selectable": true,
    "description": "Design, Tools, and Test",
    "fos_nsf_id": 335,
    "fos_nsf_abbrev": "",
    "directorate_fos_id": 31
  }
},
{
  "model": "field_of_science.fieldofscience",
  "pk": 49,
  "fields": {
    "created": "2022-04-12T15:02:24.356Z",
    "modified": "2022-04-12T15:02:24.365Z",
    "parent_id": 31,
    "is_selectable": false,
    "description": "Advanced Scientific Computing",
    "fos_nsf_id": 340,
    "fos_nsf_abbrev": "ASC",
    "directorate_fos_id": 31
  }
},
{
  "model": "field_of_science.fieldofscience",
  "pk": 50,
  "fields": {
    "created": "2022-04-12T15:02:24.370Z",
    "modified": "2022-04-12T15:02:24.378Z",
    "parent_id": 49,
    "is_selectable": true,
    "description": "Performance Evaluation and Benchmarking",
    "fos_nsf_id": 341,
    "fos_nsf_abbrev": "",
    "directorate_fos_id": 31
  }
},
{
  "model": "field_of_science.fieldofscience",
  "pk": 51,
  "fields": {
    "created": "2022-04-12T15:02:24.383Z",
    "modified": "2022-04-12T15:02:24.392Z",
    "parent_id": 49,
    "is_selectable": true,
    "description": "Algorithm Development",
    "fos_nsf_id": 342,
    "fos_nsf_abbrev": "",
    "directorate_fos_id": 31
  }
},
{
  "model": "field_of_science.fieldofscience",
  "pk": 52,
  "fields": {
    "created": "2022-04-12T15:02:24.397Z",
    "modified": "2022-04-12T15:02:24.406Z",
    "parent_id": 49,
    "is_selectable": true,
    "description": "Visualization, Graphics, and Image Processing",
    "fos_nsf_id": 343,
    "fos_nsf_abbrev": "",
    "directorate_fos_id": 31
  }
},
{
  "model": "field_of_science.fieldofscience",
  "pk": 53,
  "fields": {
    "created": "2022-04-12T15:02:24.414Z",
    "modified": "2022-04-12T15:02:24.423Z",
    "parent_id": 49,
    "is_selectable": true,
    "description": "Software Development",
    "fos_nsf_id": 344,
    "fos_nsf_abbrev": "",
    "directorate_fos_id": 31
  }
},
{
  "model": "field_of_science.fieldofscience",
  "pk": 54,
  "fields": {
    "created": "2022-04-12T15:02:24.428Z",
    "modified": "2022-04-12T15:02:24.437Z",
    "parent_id": 49,
    "is_selectable": true,
    "description": "Distributed and Parallel Processing, Vectorization",
    "fos_nsf_id": 345,
    "fos_nsf_abbrev": "",
    "directorate_fos_id": 31
  }
},
{
  "model": "field_of_science.fieldofscience",
  "pk": 55,
  "fields": {
    "created": "2022-04-12T15:02:24.443Z",
    "modified": "2022-04-12T15:02:24.452Z",
    "parent_id": 31,
    "is_selectable": true,
    "description": "Networking and Communications Research",
    "fos_nsf_id": 350,
    "fos_nsf_abbrev": "NCR",
    "directorate_fos_id": 31
  }
},
{
  "model": "field_of_science.fieldofscience",
  "pk": 56,
  "fields": {
    "created": "2022-04-12T15:02:24.458Z",
    "modified": "2022-04-12T15:02:24.466Z",
    "parent_id": 31,
    "is_selectable": false,
    "description": "Cross-Disciplinary Activities",
    "fos_nsf_id": 360,
    "fos_nsf_abbrev": "CDA",
    "directorate_fos_id": 31
  }
},
{
  "model": "field_of_science.fieldofscience",
  "pk": 57,
  "fields": {
    "created": "2022-04-12T15:02:24.472Z",
    "modified": "2022-04-12T15:02:24.481Z",
    "parent_id": 56,
    "is_selectable": true,
    "description": "Research Instrumentation",
    "fos_nsf_id": 361,
    "fos_nsf_abbrev": "",
    "directorate_fos_id": 31
  }
},
{
  "model": "field_of_science.fieldofscience",
  "pk": 58,
  "fields": {
    "created": "2022-04-12T15:02:24.486Z",
    "modified": "2022-04-12T15:02:24.495Z",
    "parent_id": 56,
    "is_selectable": true,
    "description": "Institutional Infrastructure",
    "fos_nsf_id": 362,
    "fos_nsf_abbrev": "",
    "directorate_fos_id": 31
  }
},
{
  "model": "field_of_science.fieldofscience",
  "pk": 59,
  "fields": {
    "created": "2022-04-12T15:02:24.500Z",
    "modified": "2022-04-12T15:02:24.509Z",
    "parent_id": 56,
    "is_selectable": true,
    "description": "Educational Infrastructure",
    "fos_nsf_id": 363,
    "fos_nsf_abbrev": "",
    "directorate_fos_id": 31
  }
},
{
  "model": "field_of_science.fieldofscience",
  "pk": 60,
  "fields": {
    "created": "2022-04-12T15:02:24.514Z",
    "modified": "2022-04-12T15:02:24.523Z",
    "parent_id": 56,
    "is_selectable": true,
    "description": "Cross-Directorate Activities",
    "fos_nsf_id": 364,
    "fos_nsf_abbrev": "",
    "directorate_fos_id": 31
  }
},
{
  "model": "field_of_science.fieldofscience",
  "pk": 61,
  "fields": {
    "created": "2022-04-12T15:02:24.528Z",
    "modified": "2022-04-12T15:02:24.537Z",
    "parent_id": 56,
    "is_selectable": true,
    "description": "Special Projects",
    "fos_nsf_id": 365,
    "fos_nsf_abbrev": "",
    "directorate_fos_id": 31
  }
},
{
  "model": "field_of_science.fieldofscience",
  "pk": 62,
  "fields": {
    "created": "2022-04-12T15:02:24.542Z",
    "modified": "2022-04-12T15:02:24.542Z",
    "parent_id": null,
    "is_selectable": false,
    "description": "Biological Sciences",
    "fos_nsf_id": 401,
    "fos_nsf_abbrev": "BIO",
    "directorate_fos_id": 62
  }
},
{
  "model": "field_of_science.fieldofscience",
  "pk": 63,
  "fields": {
    "created": "2022-04-12T15:02:24.550Z",
    "modified": "2022-04-12T15:02:24.550Z",
    "parent_id": null,
    "is_selectable": false,
    "description": "Social, Behavioral, and Economic Sciences",
    "fos_nsf_id": 402,
    "fos_nsf_abbrev": "SBE",
    "directorate_fos_id": 63
  }
},
{
  "model": "field_of_science.fieldofscience",
  "pk": 64,
  "fields": {
    "created": "2022-04-12T15:02:24.556Z",
    "modified": "2022-04-12T15:02:24.565Z",
    "parent_id": 62,
    "is_selectable": false,
    "description": "Molecular Biosciences",
    "fos_nsf_id": 410,
    "fos_nsf_abbrev": "MCB",
    "directorate_fos_id": 62
  }
},
{
  "model": "field_of_science.fieldofscience",
  "pk": 65,
  "fields": {
    "created": "2022-04-12T15:02:24.571Z",
    "modified": "2022-04-12T15:02:24.580Z",
    "parent_id": 64,
    "is_selectable": true,
    "description": "Biochemistry and Molecular Structure and Function",
    "fos_nsf_id": 411,
    "fos_nsf_abbrev": "",
    "directorate_fos_id": 62
  }
},
{
  "model": "field_of_science.fieldofscience",
  "pk": 66,
  "fields": {
    "created": "2022-04-12T15:02:24.586Z",
    "modified": "2022-04-12T15:02:24.595Z",
    "parent_id": 64,
    "is_selectable": true,
    "description": "Biophysics",
    "fos_nsf_id": 412,
    "fos_nsf_abbrev": "",
    "directorate_fos_id": 62
  }
},
{
  "model": "field_of_science.fieldofscience",
  "pk": 67,
  "fields": {
    "created": "2022-04-12T15:02:24.601Z",
    "modified": "2022-04-12T15:02:24.609Z",
    "parent_id": 64,
    "is_selectable": true,
    "description": "Genetics and Nucleic Acids",
    "fos_nsf_id": 413,
    "fos_nsf_abbrev": "",
    "directorate_fos_id": 62
  }
},
{
  "model": "field_of_science.fieldofscience",
  "pk": 68,
  "fields": {
    "created": "2022-04-12T15:02:24.615Z",
    "modified": "2022-04-12T15:02:24.624Z",
    "parent_id": 64,
    "is_selectable": true,
    "description": "Cell Biology",
    "fos_nsf_id": 414,
    "fos_nsf_abbrev": "",
    "directorate_fos_id": 62
  }
},
{
  "model": "field_of_science.fieldofscience",
  "pk": 69,
  "fields": {
    "created": "2022-04-12T15:02:24.629Z",
    "modified": "2022-04-12T15:02:24.638Z",
    "parent_id": 62,
    "is_selectable": false,
    "description": "Environmental Biology",
    "fos_nsf_id": 430,
    "fos_nsf_abbrev": "DEB",
    "directorate_fos_id": 62
  }
},
{
  "model": "field_of_science.fieldofscience",
  "pk": 70,
  "fields": {
    "created": "2022-04-12T15:02:24.643Z",
    "modified": "2022-04-12T15:02:24.652Z",
    "parent_id": 69,
    "is_selectable": true,
    "description": "Ecological Studies",
    "fos_nsf_id": 431,
    "fos_nsf_abbrev": "",
    "directorate_fos_id": 62
  }
},
{
  "model": "field_of_science.fieldofscience",
  "pk": 71,
  "fields": {
    "created": "2022-04-12T15:02:24.657Z",
    "modified": "2022-04-12T15:02:24.667Z",
    "parent_id": 69,
    "is_selectable": true,
    "description": "Systematic and Population Biology",
    "fos_nsf_id": 433,
    "fos_nsf_abbrev": "",
    "directorate_fos_id": 62
  }
},
{
  "model": "field_of_science.fieldofscience",
  "pk": 72,
  "fields": {
    "created": "2022-04-12T15:02:24.672Z",
    "modified": "2022-04-12T15:02:24.681Z",
    "parent_id": 63,
    "is_selectable": false,
    "description": "Behavioral and Neural Sciences",
    "fos_nsf_id": 440,
    "fos_nsf_abbrev": "BNS",
    "directorate_fos_id": 63
  }
},
{
  "model": "field_of_science.fieldofscience",
  "pk": 73,
  "fields": {
    "created": "2022-04-12T15:02:24.686Z",
    "modified": "2022-04-12T15:02:24.695Z",
    "parent_id": 72,
    "is_selectable": true,
    "description": "Anthropology",
    "fos_nsf_id": 441,
    "fos_nsf_abbrev": "",
    "directorate_fos_id": 63
  }
},
{
  "model": "field_of_science.fieldofscience",
  "pk": 74,
  "fields": {
    "created": "2022-04-12T15:02:24.700Z",
    "modified": "2022-04-12T15:02:24.708Z",
    "parent_id": 72,
    "is_selectable": true,
    "description": "Language, Cognition, and Social Behavior",
    "fos_nsf_id": 442,
    "fos_nsf_abbrev": "",
    "directorate_fos_id": 63
  }
},
{
  "model": "field_of_science.fieldofscience",
  "pk": 75,
  "fields": {
    "created": "2022-04-12T15:02:24.714Z",
    "modified": "2022-04-12T15:02:24.723Z",
    "parent_id": 63,
    "is_selectable": false,
    "description": "Social and Economic Science",
    "fos_nsf_id": 450,
    "fos_nsf_abbrev": "SES",
    "directorate_fos_id": 63
  }
},
{
  "model": "field_of_science.fieldofscience",
  "pk": 76,
  "fields": {
    "created": "2022-04-12T15:02:24.729Z",
    "modified": "2022-04-12T15:02:24.737Z",
    "parent_id": 75,
    "is_selectable": true,
    "description": "Economics",
    "fos_nsf_id": 451,
    "fos_nsf_abbrev": "",
    "directorate_fos_id": 63
  }
},
{
  "model": "field_of_science.fieldofscience",
  "pk": 77,
  "fields": {
    "created": "2022-04-12T15:02:24.743Z",
    "modified": "2022-04-12T15:02:24.751Z",
    "parent_id": 75,
    "is_selectable": true,
    "description": "Geography and Regional Science",
    "fos_nsf_id": 452,
    "fos_nsf_abbrev": "",
    "directorate_fos_id": 63
  }
},
{
  "model": "field_of_science.fieldofscience",
  "pk": 78,
  "fields": {
    "created": "2022-04-12T15:02:24.756Z",
    "modified": "2022-04-12T15:02:24.764Z",
    "parent_id": 75,
    "is_selectable": true,
    "description": "Sociology",
    "fos_nsf_id": 453,
    "fos_nsf_abbrev": "",
    "directorate_fos_id": 63
  }
},
{
  "model": "field_of_science.fieldofscience",
  "pk": 79,
  "fields": {
    "created": "2022-04-12T15:02:24.770Z",
    "modified": "2022-04-12T15:02:24.778Z",
    "parent_id": 75,
    "is_selectable": true,
    "description": "Methodology, Measurement, and Statistics",
    "fos_nsf_id": 454,
    "fos_nsf_abbrev": "",
    "directorate_fos_id": 63
  }
},
{
  "model": "field_of_science.fieldofscience",
  "pk": 80,
  "fields": {
    "created": "2022-04-12T15:02:24.783Z",
    "modified": "2022-04-12T15:02:24.791Z",
    "parent_id": 75,
    "is_selectable": true,
    "description": "Political Science",
    "fos_nsf_id": 455,
    "fos_nsf_abbrev": "",
    "directorate_fos_id": 63
  }
},
{
  "model": "field_of_science.fieldofscience",
  "pk": 81,
  "fields": {
    "created": "2022-04-12T15:02:24.796Z",
    "modified": "2022-04-12T15:02:24.805Z",
    "parent_id": 75,
    "is_selectable": true,
    "description": "Law and Social Sciences",
    "fos_nsf_id": 456,
    "fos_nsf_abbrev": "",
    "directorate_fos_id": 63
  }
},
{
  "model": "field_of_science.fieldofscience",
  "pk": 82,
  "fields": {
    "created": "2022-04-12T15:02:24.810Z",
    "modified": "2022-04-12T15:02:24.819Z",
    "parent_id": 75,
    "is_selectable": true,
    "description": "Decision, Risk, and Management Science",
    "fos_nsf_id": 457,
    "fos_nsf_abbrev": "",
    "directorate_fos_id": 63
  }
},
{
  "model": "field_of_science.fieldofscience",
  "pk": 83,
  "fields": {
    "created": "2022-04-12T15:02:24.824Z",
    "modified": "2022-04-12T15:02:24.833Z",
    "parent_id": 62,
    "is_selectable": true,
    "description": "Biological Instrumentation and Resources",
    "fos_nsf_id": 460,
    "fos_nsf_abbrev": "BIR",
    "directorate_fos_id": 62
  }
},
{
  "model": "field_of_science.fieldofscience",
  "pk": 84,
  "fields": {
    "created": "2022-04-12T15:02:24.838Z",
    "modified": "2022-04-12T15:02:24.847Z",
    "parent_id": 62,
    "is_selectable": false,
    "description": "Integrative Biology and Neuroscience",
    "fos_nsf_id": 470,
    "fos_nsf_abbrev": "IBN",
    "directorate_fos_id": 62
  }
},
{
  "model": "field_of_science.fieldofscience",
  "pk": 85,
  "fields": {
    "created": "2022-04-12T15:02:24.853Z",
    "modified": "2022-04-12T15:02:24.861Z",
    "parent_id": 84,
    "is_selectable": true,
    "description": "Developmental Biology",
    "fos_nsf_id": 471,
    "fos_nsf_abbrev": "",
    "directorate_fos_id": 62
  }
},
{
  "model": "field_of_science.fieldofscience",
  "pk": 86,
  "fields": {
    "created": "2022-04-12T15:02:24.867Z",
    "modified": "2022-04-12T15:02:24.874Z",
    "parent_id": 84,
    "is_selectable": true,
    "description": "Neuroscience Biology",
    "fos_nsf_id": 472,
    "fos_nsf_abbrev": "",
    "directorate_fos_id": 62
  }
},
{
  "model": "field_of_science.fieldofscience",
  "pk": 87,
  "fields": {
    "created": "2022-04-12T15:02:24.879Z",
    "modified": "2022-04-12T15:02:24.888Z",
    "parent_id": 84,
    "is_selectable": true,
    "description": "Physiology and Behavior",
    "fos_nsf_id": 473,
    "fos_nsf_abbrev": "",
    "directorate_fos_id": 62
  }
},
{
  "model": "field_of_science.fieldofscience",
  "pk": 88,
  "fields": {
    "created": "2022-04-12T15:02:24.893Z",
    "modified": "2022-04-12T15:02:24.902Z",
    "parent_id": 63,
    "is_selectable": true,
    "description": "Science Resources Studies",
    "fos_nsf_id": 480,
    "fos_nsf_abbrev": "SRS",
    "directorate_fos_id": 63
  }
},
{
  "model": "field_of_science.fieldofscience",
  "pk": 89,
  "fields": {
    "created": "2022-04-12T15:02:24.907Z",
    "modified": "2022-04-12T15:02:24.916Z",
    "parent_id": 63,
    "is_selectable": true,
    "description": "International Programs",
    "fos_nsf_id": 490,
    "fos_nsf_abbrev": "INT",
    "directorate_fos_id": 63
  }
},
{
  "model": "field_of_science.fieldofscience",
  "pk": 90,
  "fields": {
    "created": "2022-04-12T15:02:24.921Z",
    "modified": "2022-04-12T15:02:24.921Z",
    "parent_id": null,
    "is_selectable": false,
    "description": "Geosciences",
    "fos_nsf_id": 500,
    "fos_nsf_abbrev": "GEO",
    "directorate_fos_id": 90
  }
},
{
  "model": "field_of_science.fieldofscience",
  "pk": 91,
  "fields": {
    "created": "2022-04-12T15:02:24.928Z",
    "modified": "2022-04-12T15:02:24.936Z",
    "parent_id": 90,
    "is_selectable": false,
    "description": "Atmospheric Sciences",
    "fos_nsf_id": 510,
    "fos_nsf_abbrev": "ATM",
    "directorate_fos_id": 90
  }
},
{
  "model": "field_of_science.fieldofscience",
  "pk": 92,
  "fields": {
    "created": "2022-04-12T15:02:24.941Z",
    "modified": "2022-04-12T15:02:24.950Z",
    "parent_id": 91,
    "is_selectable": true,
    "description": "Meteorology",
    "fos_nsf_id": 511,
    "fos_nsf_abbrev": "",
    "directorate_fos_id": 90
  }
},
{
  "model": "field_of_science.fieldofscience",
  "pk": 93,
  "fields": {
    "created": "2022-04-12T15:02:24.955Z",
    "modified": "2022-04-12T15:02:24.963Z",
    "parent_id": 91,
    "is_selectable": true,
    "description": "Atmospheric Chemistry",
    "fos_nsf_id": 512,
    "fos_nsf_abbrev": "",
    "directorate_fos_id": 90
  }
},
{
  "model": "field_of_science.fieldofscience",
  "pk": 94,
  "fields": {
    "created": "2022-04-12T15:02:24.969Z",
    "modified": "2022-04-12T15:02:24.976Z",
    "parent_id": 91,
    "is_selectable": true,
    "description": "Climate Dynamics",
    "fos_nsf_id": 514,
    "fos_nsf_abbrev": "",
    "directorate_fos_id": 90
  }
},
{
  "model": "field_of_science.fieldofscience",
  "pk": 95,
  "fields": {
    "created": "2022-04-12T15:02:24.982Z",
    "modified": "2022-04-12T15:02:24.990Z",
    "parent_id": 91,
    "is_selectable": true,
    "description": "Global Atmospheric Research",
    "fos_nsf_id": 515,
    "fos_nsf_abbrev": "",
    "directorate_fos_id": 90
  }
},
{
  "model": "field_of_science.fieldofscience",
  "pk": 96,
  "fields": {
    "created": "2022-04-12T15:02:24.996Z",
    "modified": "2022-04-12T15:02:25.004Z",
    "parent_id": 91,
    "is_selectable": true,
    "description": "Aeronomy",
    "fos_nsf_id": 516,
    "fos_nsf_abbrev": "",
    "directorate_fos_id": 90
  }
},
{
  "model": "field_of_science.fieldofscience",
  "pk": 97,
  "fields": {
    "created": "2022-04-12T15:02:25.010Z",
    "modified": "2022-04-12T15:02:25.018Z",
    "parent_id": 91,
    "is_selectable": true,
    "description": "Magnetospheric Physics",
    "fos_nsf_id": 517,
    "fos_nsf_abbrev": "",
    "directorate_fos_id": 90
  }
},
{
  "model": "field_of_science.fieldofscience",
  "pk": 98,
  "fields": {
    "created": "2022-04-12T15:02:25.023Z",
    "modified": "2022-04-12T15:02:25.032Z",
    "parent_id": 91,
    "is_selectable": true,
    "description": "Solar Terrestrial Research",
    "fos_nsf_id": 518,
    "fos_nsf_abbrev": "",
    "directorate_fos_id": 90
  }
},
{
  "model": "field_of_science.fieldofscience",
  "pk": 99,
  "fields": {
    "created": "2022-04-12T15:02:25.037Z",
    "modified": "2022-04-12T15:02:25.046Z",
    "parent_id": 90,
    "is_selectable": false,
    "description": "Earth Sciences",
    "fos_nsf_id": 520,
    "fos_nsf_abbrev": "EAR",
    "directorate_fos_id": 90
  }
},
{
  "model": "field_of_science.fieldofscience",
  "pk": 100,
  "fields": {
    "created": "2022-04-12T15:02:25.051Z",
    "modified": "2022-04-12T15:02:25.060Z",
    "parent_id": 99,
    "is_selectable": true,
    "description": "Geology and Paleontology",
    "fos_nsf_id": 521,
    "fos_nsf_abbrev": "",
    "directorate_fos_id": 90
  }
},
{
  "model": "field_of_science.fieldofscience",
  "pk": 101,
  "fields": {
    "created": "2022-04-12T15:02:25.065Z",
    "modified": "2022-04-12T15:02:25.073Z",
    "parent_id": 99,
    "is_selectable": true,
    "description": "Surficial Processes",
    "fos_nsf_id": 522,
    "fos_nsf_abbrev": "",
    "directorate_fos_id": 90
  }
},
{
  "model": "field_of_science.fieldofscience",
  "pk": 102,
  "fields": {
    "created": "2022-04-12T15:02:25.078Z",
    "modified": "2022-04-12T15:02:25.087Z",
    "parent_id": 99,
    "is_selectable": true,
    "description": "Tectonics",
    "fos_nsf_id": 523,
    "fos_nsf_abbrev": "",
    "directorate_fos_id": 90
  }
},
{
  "model": "field_of_science.fieldofscience",
  "pk": 103,
  "fields": {
    "created": "2022-04-12T15:02:25.092Z",
    "modified": "2022-04-12T15:02:25.100Z",
    "parent_id": 99,
    "is_selectable": true,
    "description": "Seismology",
    "fos_nsf_id": 524,
    "fos_nsf_abbrev": "",
    "directorate_fos_id": 90
  }
},
{
  "model": "field_of_science.fieldofscience",
  "pk": 104,
  "fields": {
    "created": "2022-04-12T15:02:25.106Z",
    "modified": "2022-04-12T15:02:25.114Z",
    "parent_id": 99,
    "is_selectable": true,
    "description": "Geophysics",
    "fos_nsf_id": 525,
    "fos_nsf_abbrev": "",
    "directorate_fos_id": 90
  }
},
{
  "model": "field_of_science.fieldofscience",
  "pk": 105,
  "fields": {
    "created": "2022-04-12T15:02:25.120Z",
    "modified": "2022-04-12T15:02:25.129Z",
    "parent_id": 99,
    "is_selectable": true,
    "description": "Petrogenesis and Mineral Resources",
    "fos_nsf_id": 526,
    "fos_nsf_abbrev": "",
    "directorate_fos_id": 90
  }
},
{
  "model": "field_of_science.fieldofscience",
  "pk": 106,
  "fields": {
    "created": "2022-04-12T15:02:25.134Z",
    "modified": "2022-04-12T15:02:25.143Z",
    "parent_id": 99,
    "is_selectable": true,
    "description": "Volcanology and Mantle Geochemistry",
    "fos_nsf_id": 527,
    "fos_nsf_abbrev": "",
    "directorate_fos_id": 90
  }
},
{
  "model": "field_of_science.fieldofscience",
  "pk": 107,
  "fields": {
    "created": "2022-04-12T15:02:25.148Z",
    "modified": "2022-04-12T15:02:25.159Z",
    "parent_id": 99,
    "is_selectable": true,
    "description": "Experimental and Theoretical Geochemistry",
    "fos_nsf_id": 528,
    "fos_nsf_abbrev": "",
    "directorate_fos_id": 90
  }
},
{
  "model": "field_of_science.fieldofscience",
  "pk": 108,
  "fields": {
    "created": "2022-04-12T15:02:25.164Z",
    "modified": "2022-04-12T15:02:25.173Z",
    "parent_id": 90,
    "is_selectable": false,
    "description": "Ocean Sciences",
    "fos_nsf_id": 530,
    "fos_nsf_abbrev": "OCE",
    "directorate_fos_id": 90
  }
},
{
  "model": "field_of_science.fieldofscience",
  "pk": 109,
  "fields": {
    "created": "2022-04-12T15:02:25.178Z",
    "modified": "2022-04-12T15:02:25.187Z",
    "parent_id": 108,
    "is_selectable": true,
    "description": "Biological Oceanography",
    "fos_nsf_id": 531,
    "fos_nsf_abbrev": "",
    "directorate_fos_id": 90
  }
},
{
  "model": "field_of_science.fieldofscience",
  "pk": 110,
  "fields": {
    "created": "2022-04-12T15:02:25.195Z",
    "modified": "2022-04-12T15:02:25.203Z",
    "parent_id": 108,
    "is_selectable": true,
    "description": "Chemical Oceanography",
    "fos_nsf_id": 532,
    "fos_nsf_abbrev": "",
    "directorate_fos_id": 90
  }
},
{
  "model": "field_of_science.fieldofscience",
  "pk": 111,
  "fields": {
    "created": "2022-04-12T15:02:25.209Z",
    "modified": "2022-04-12T15:02:25.223Z",
    "parent_id": 108,
    "is_selectable": true,
    "description": "Physical Oceanography",
    "fos_nsf_id": 533,
    "fos_nsf_abbrev": "",
    "directorate_fos_id": 90
  }
},
{
  "model": "field_of_science.fieldofscience",
  "pk": 112,
  "fields": {
    "created": "2022-04-12T15:02:25.229Z",
    "modified": "2022-04-12T15:02:25.237Z",
    "parent_id": 108,
    "is_selectable": true,
    "description": "Marine Geology and Geophysics",
    "fos_nsf_id": 534,
    "fos_nsf_abbrev": "",
    "directorate_fos_id": 90
  }
},
{
  "model": "field_of_science.fieldofscience",
  "pk": 113,
  "fields": {
    "created": "2022-04-12T15:02:25.244Z",
    "modified": "2022-04-12T15:02:25.252Z",
    "parent_id": 90,
    "is_selectable": false,
    "description": "Polar Programs",
    "fos_nsf_id": 540,
    "fos_nsf_abbrev": "DPP",
    "directorate_fos_id": 90
  }
},
{
  "model": "field_of_science.fieldofscience",
  "pk": 114,
  "fields": {
    "created": "2022-04-12T15:02:25.258Z",
    "modified": "2022-04-12T15:02:25.266Z",
    "parent_id": 113,
    "is_selectable": true,
    "description": "Polar Glaciology",
    "fos_nsf_id": 541,
    "fos_nsf_abbrev": "",
    "directorate_fos_id": 90
  }
},
{
  "model": "field_of_science.fieldofscience",
  "pk": 115,
  "fields": {
    "created": "2022-04-12T15:02:25.272Z",
    "modified": "2022-04-12T15:02:25.280Z",
    "parent_id": 113,
    "is_selectable": true,
    "description": "Polar Aeronomy and Astrophysics",
    "fos_nsf_id": 542,
    "fos_nsf_abbrev": "",
    "directorate_fos_id": 90
  }
},
{
  "model": "field_of_science.fieldofscience",
  "pk": 116,
  "fields": {
    "created": "2022-04-12T15:02:25.285Z",
    "modified": "2022-04-12T15:02:25.294Z",
    "parent_id": 113,
    "is_selectable": true,
    "description": "Polar Biology and Medicine",
    "fos_nsf_id": 543,
    "fos_nsf_abbrev": "",
    "directorate_fos_id": 90
  }
},
{
  "model": "field_of_science.fieldofscience",
  "pk": 117,
  "fields": {
    "created": "2022-04-12T15:02:25.300Z",
    "modified": "2022-04-12T15:02:25.309Z",
    "parent_id": 113,
    "is_selectable": true,
    "description": "Polar Earth Sciences",
    "fos_nsf_id": 544,
    "fos_nsf_abbrev": "",
    "directorate_fos_id": 90
  }
},
{
  "model": "field_of_science.fieldofscience",
  "pk": 118,
  "fields": {
    "created": "2022-04-12T15:02:25.314Z",
    "modified": "2022-04-12T15:02:25.323Z",
    "parent_id": 113,
    "is_selectable": true,
    "description": "Polar Meteorology",
    "fos_nsf_id": 545,
    "fos_nsf_abbrev": "",
    "directorate_fos_id": 90
  }
},
{
  "model": "field_of_science.fieldofscience",
  "pk": 119,
  "fields": {
    "created": "2022-04-12T15:02:25.328Z",
    "modified": "2022-04-12T15:02:25.337Z",
    "parent_id": 113,
    "is_selectable": true,
    "description": "Polar Ocean and Climate Systems",
    "fos_nsf_id": 546,
    "fos_nsf_abbrev": "",
    "directorate_fos_id": 90
  }
},
{
  "model": "field_of_science.fieldofscience",
  "pk": 120,
  "fields": {
    "created": "2022-04-12T15:02:25.342Z",
    "modified": "2022-04-12T15:02:25.342Z",
    "parent_id": null,
    "is_selectable": false,
    "description": "Engineering",
    "fos_nsf_id": 600,
    "fos_nsf_abbrev": "ENG",
    "directorate_fos_id": 120
  }
},
{
  "model": "field_of_science.fieldofscience",
  "pk": 121,
  "fields": {
    "created": "2022-04-12T15:02:25.349Z",
    "modified": "2022-04-12T15:02:25.358Z",
    "parent_id": 120,
    "is_selectable": false,
    "description": "Chemical, Thermal Systems",
    "fos_nsf_id": 610,
    "fos_nsf_abbrev": "CTS",
    "directorate_fos_id": 120
  }
},
{
  "model": "field_of_science.fieldofscience",
  "pk": 122,
  "fields": {
    "created": "2022-04-12T15:02:25.363Z",
    "modified": "2022-04-12T15:02:25.372Z",
    "parent_id": 121,
    "is_selectable": true,
    "description": "Chemical and Reaction Processes",
    "fos_nsf_id": 611,
    "fos_nsf_abbrev": "",
    "directorate_fos_id": 120
  }
},
{
  "model": "field_of_science.fieldofscience",
  "pk": 123,
  "fields": {
    "created": "2022-04-12T15:02:25.377Z",
    "modified": "2022-04-12T15:02:25.386Z",
    "parent_id": 121,
    "is_selectable": true,
    "description": "Interfacial, Transport, and Separations Processes",
    "fos_nsf_id": 612,
    "fos_nsf_abbrev": "",
    "directorate_fos_id": 120
  }
},
{
  "model": "field_of_science.fieldofscience",
  "pk": 124,
  "fields": {
    "created": "2022-04-12T15:02:25.391Z",
    "modified": "2022-04-12T15:02:25.400Z",
    "parent_id": 121,
    "is_selectable": true,
    "description": "Thermal Systems",
    "fos_nsf_id": 613,
    "fos_nsf_abbrev": "",
    "directorate_fos_id": 120
  }
},
{
  "model": "field_of_science.fieldofscience",
  "pk": 125,
  "fields": {
    "created": "2022-04-12T15:02:25.405Z",
    "modified": "2022-04-12T15:02:25.414Z",
    "parent_id": 121,
    "is_selectable": true,
    "description": "Fluid, Particulate, and Hydraulic Systems",
    "fos_nsf_id": 614,
    "fos_nsf_abbrev": "",
    "directorate_fos_id": 120
  }
},
{
  "model": "field_of_science.fieldofscience",
  "pk": 126,
  "fields": {
    "created": "2022-04-12T15:02:25.419Z",
    "modified": "2022-04-12T15:02:25.428Z",
    "parent_id": 120,
    "is_selectable": false,
    "description": "Mechanical and Structural Systems",
    "fos_nsf_id": 620,
    "fos_nsf_abbrev": "MSS",
    "directorate_fos_id": 120
  }
},
{
  "model": "field_of_science.fieldofscience",
  "pk": 127,
  "fields": {
    "created": "2022-04-12T15:02:25.433Z",
    "modified": "2022-04-12T15:02:25.442Z",
    "parent_id": 126,
    "is_selectable": true,
    "description": "Dynamic Systems and Control",
    "fos_nsf_id": 621,
    "fos_nsf_abbrev": "",
    "directorate_fos_id": 120
  }
},
{
  "model": "field_of_science.fieldofscience",
  "pk": 128,
  "fields": {
    "created": "2022-04-12T15:02:25.447Z",
    "modified": "2022-04-12T15:02:25.456Z",
    "parent_id": 126,
    "is_selectable": true,
    "description": "Structures and Building Systems",
    "fos_nsf_id": 622,
    "fos_nsf_abbrev": "",
    "directorate_fos_id": 120
  }
},
{
  "model": "field_of_science.fieldofscience",
  "pk": 129,
  "fields": {
    "created": "2022-04-12T15:02:25.461Z",
    "modified": "2022-04-12T15:02:25.470Z",
    "parent_id": 126,
    "is_selectable": true,
    "description": "Mechanics and Materials",
    "fos_nsf_id": 623,
    "fos_nsf_abbrev": "",
    "directorate_fos_id": 120
  }
},
{
  "model": "field_of_science.fieldofscience",
  "pk": 130,
  "fields": {
    "created": "2022-04-12T15:02:25.476Z",
    "modified": "2022-04-12T15:02:25.486Z",
    "parent_id": 126,
    "is_selectable": true,
    "description": "Surface Engineering and Tribology",
    "fos_nsf_id": 625,
    "fos_nsf_abbrev": "",
    "directorate_fos_id": 120
  }
},
{
  "model": "field_of_science.fieldofscience",
  "pk": 131,
  "fields": {
    "created": "2022-04-12T15:02:25.491Z",
    "modified": "2022-04-12T15:02:25.501Z",
    "parent_id": 120,
    "is_selectable": false,
    "description": "Electrical and Communication Systems",
    "fos_nsf_id": 630,
    "fos_nsf_abbrev": "ECS",
    "directorate_fos_id": 120
  }
},
{
  "model": "field_of_science.fieldofscience",
  "pk": 132,
  "fields": {
    "created": "2022-04-12T15:02:25.506Z",
    "modified": "2022-04-12T15:02:25.516Z",
    "parent_id": 131,
    "is_selectable": true,
    "description": "Quantum Electronics, Waves, and Beams",
    "fos_nsf_id": 631,
    "fos_nsf_abbrev": "",
    "directorate_fos_id": 120
  }
},
{
  "model": "field_of_science.fieldofscience",
  "pk": 133,
  "fields": {
    "created": "2022-04-12T15:02:25.521Z",
    "modified": "2022-04-12T15:02:25.530Z",
    "parent_id": 131,
    "is_selectable": true,
    "description": "Solid-State and Microstructures",
    "fos_nsf_id": 632,
    "fos_nsf_abbrev": "",
    "directorate_fos_id": 120
  }
},
{
  "model": "field_of_science.fieldofscience",
  "pk": 134,
  "fields": {
    "created": "2022-04-12T15:02:25.536Z",
    "modified": "2022-04-12T15:02:25.545Z",
    "parent_id": 131,
    "is_selectable": true,
    "description": "Communications and Computational Systems",
    "fos_nsf_id": 633,
    "fos_nsf_abbrev": "",
    "directorate_fos_id": 120
  }
},
{
  "model": "field_of_science.fieldofscience",
  "pk": 135,
  "fields": {
    "created": "2022-04-12T15:02:25.551Z",
    "modified": "2022-04-12T15:02:25.559Z",
    "parent_id": 131,
    "is_selectable": true,
    "description": "Engineering Systems",
    "fos_nsf_id": 634,
    "fos_nsf_abbrev": "",
    "directorate_fos_id": 120
  }
},
{
  "model": "field_of_science.fieldofscience",
  "pk": 136,
  "fields": {
    "created": "2022-04-12T15:02:25.565Z",
    "modified": "2022-04-12T15:02:25.574Z",
    "parent_id": 131,
    "is_selectable": true,
    "description": "Emerging Technologies Initiation",
    "fos_nsf_id": 635,
    "fos_nsf_abbrev": "",
    "directorate_fos_id": 120
  }
},
{
  "model": "field_of_science.fieldofscience",
  "pk": 137,
  "fields": {
    "created": "2022-04-12T15:02:25.580Z",
    "modified": "2022-04-12T15:02:25.589Z",
    "parent_id": 120,
    "is_selectable": false,
    "description": "Design and Manufacturing Systems",
    "fos_nsf_id": 640,
    "fos_nsf_abbrev": "DDM",
    "directorate_fos_id": 120
  }
},
{
  "model": "field_of_science.fieldofscience",
  "pk": 138,
  "fields": {
    "created": "2022-04-12T15:02:25.595Z",
    "modified": "2022-04-12T15:02:25.604Z",
    "parent_id": 137,
    "is_selectable": true,
    "description": "Operations Research and Production Systems",
    "fos_nsf_id": 641,
    "fos_nsf_abbrev": "",
    "directorate_fos_id": 120
  }
},
{
  "model": "field_of_science.fieldofscience",
  "pk": 139,
  "fields": {
    "created": "2022-04-12T15:02:25.609Z",
    "modified": "2022-04-12T15:02:25.618Z",
    "parent_id": 137,
    "is_selectable": true,
    "description": "Design and Computer-Integrated Engineering",
    "fos_nsf_id": 642,
    "fos_nsf_abbrev": "",
    "directorate_fos_id": 120
  }
},
{
  "model": "field_of_science.fieldofscience",
  "pk": 140,
  "fields": {
    "created": "2022-04-12T15:02:25.623Z",
    "modified": "2022-04-12T15:02:25.632Z",
    "parent_id": 137,
    "is_selectable": true,
    "description": "Manufacturing Processes and Equipment",
    "fos_nsf_id": 643,
    "fos_nsf_abbrev": "",
    "directorate_fos_id": 120
  }
},
{
  "model": "field_of_science.fieldofscience",
  "pk": 141,
  "fields": {
    "created": "2022-04-12T15:02:25.637Z",
    "modified": "2022-04-12T15:02:25.646Z",
    "parent_id": 120,
    "is_selectable": false,
    "description": "Biological and Critical Systems",
    "fos_nsf_id": 650,
    "fos_nsf_abbrev": "BCS",
    "directorate_fos_id": 120
  }
},
{
  "model": "field_of_science.fieldofscience",
  "pk": 142,
  "fields": {
    "created": "2022-04-12T15:02:25.652Z",
    "modified": "2022-04-12T15:02:25.660Z",
    "parent_id": 141,
    "is_selectable": true,
    "description": "Bioengineering Aiding the Disabled",
    "fos_nsf_id": 651,
    "fos_nsf_abbrev": "",
    "directorate_fos_id": 120
  }
},
{
  "model": "field_of_science.fieldofscience",
  "pk": 143,
  "fields": {
    "created": "2022-04-12T15:02:25.666Z",
    "modified": "2022-04-12T15:02:25.675Z",
    "parent_id": 141,
    "is_selectable": true,
    "description": "Environmental and Ocean Systems",
    "fos_nsf_id": 652,
    "fos_nsf_abbrev": "",
    "directorate_fos_id": 120
  }
},
{
  "model": "field_of_science.fieldofscience",
  "pk": 144,
  "fields": {
    "created": "2022-04-12T15:02:25.681Z",
    "modified": "2022-04-12T15:02:25.689Z",
    "parent_id": 141,
    "is_selectable": true,
    "description": "Earthquake Hazard Mitigation",
    "fos_nsf_id": 653,
    "fos_nsf_abbrev": "",
    "directorate_fos_id": 120
  }
},
{
  "model": "field_of_science.fieldofscience",
  "pk": 145,
  "fields": {
    "created": "2022-04-12T15:02:25.695Z",
    "modified": "2022-04-12T15:02:25.704Z",
    "parent_id": 141,
    "is_selectable": true,
    "description": "Natural and Man-Made Hazard Mitigation",
    "fos_nsf_id": 654,
    "fos_nsf_abbrev": "",
    "directorate_fos_id": 120
  }
},
{
  "model": "field_of_science.fieldofscience",
  "pk": 146,
  "fields": {
    "created": "2022-04-12T15:02:25.710Z",
    "modified": "2022-04-12T15:02:25.718Z",
    "parent_id": 120,
    "is_selectable": true,
    "description": "Engineering Centers",
    "fos_nsf_id": 660,
    "fos_nsf_abbrev": "ECD",
    "directorate_fos_id": 120
  }
},
{
  "model": "field_of_science.fieldofscience",
  "pk": 147,
  "fields": {
    "created": "2022-04-12T15:02:25.724Z",
    "modified": "2022-04-12T15:02:25.733Z",
    "parent_id": 120,
    "is_selectable": true,
    "description": "Engineering Infrastructure Development",
    "fos_nsf_id": 670,
    "fos_nsf_abbrev": "EID",
    "directorate_fos_id": 120
  }
},
{
  "model": "field_of_science.fieldofscience",
  "pk": 148,
  "fields": {
    "created": "2022-04-12T15:02:25.739Z",
    "modified": "2022-04-12T15:02:25.748Z",
    "parent_id": 120,
    "is_selectable": true,
    "description": "Industrial Science and Technological Innovation",
    "fos_nsf_id": 680,
    "fos_nsf_abbrev": "ISI",
    "directorate_fos_id": 120
  }
},
{
  "model": "field_of_science.fieldofscience",
  "pk": 149,
  "fields": {
    "created": "2022-04-12T15:02:25.753Z",
    "modified": "2022-04-12T15:02:25.753Z",
    "parent_id": null,
    "is_selectable": true,
    "description": "Other",
    "fos_nsf_id": 900,
    "fos_nsf_abbrev": "",
    "directorate_fos_id": 149
  }
},
{
  "model": "field_of_science.fieldofscience",
  "pk": 150,
  "fields": {
    "created": "2022-04-12T15:02:25.761Z",
    "modified": "2022-04-12T15:02:25.769Z",
    "parent_id": 149,
    "is_selectable": true,
    "description": "Science and Engineering Education",
    "fos_nsf_id": 910,
    "fos_nsf_abbrev": "SEE",
    "directorate_fos_id": 149
  }
},
{
  "model": "field_of_science.fieldofscience",
  "pk": 151,
  "fields": {
    "created": "2022-04-12T15:02:25.775Z",
    "modified": "2022-04-12T15:02:25.784Z",
    "parent_id": 149,
    "is_selectable": true,
    "description": "Small Business Innovation Research",
    "fos_nsf_id": 920,
    "fos_nsf_abbrev": "SBR",
    "directorate_fos_id": 149
  }
},
{
  "model": "field_of_science.fieldofscience",
  "pk": 152,
  "fields": {
    "created": "2022-04-12T15:02:25.789Z",
    "modified": "2022-04-12T15:02:25.798Z",
    "parent_id": 149,
    "is_selectable": true,
    "description": "Industrial Partners Research",
    "fos_nsf_id": 930,
    "fos_nsf_abbrev": "IND",
    "directorate_fos_id": 149
  }
},
{
  "model": "field_of_science.fieldofscience",
  "pk": 153,
  "fields": {
    "created": "2022-04-12T15:02:25.803Z",
    "modified": "2022-04-12T15:02:25.812Z",
    "parent_id": 149,
    "is_selectable": true,
    "description": "Center Systems Staff",
    "fos_nsf_id": 940,
    "fos_nsf_abbrev": "STA",
    "directorate_fos_id": 149
  }
},
{
  "model": "field_of_science.fieldofscience",
  "pk": 154,
  "fields": {
    "created": "2022-04-12T15:02:25.817Z",
    "modified": "2022-04-12T15:02:25.826Z",
    "parent_id": 149,
    "is_selectable": true,
    "description": "Training",
    "fos_nsf_id": 950,
    "fos_nsf_abbrev": "TRA",
    "directorate_fos_id": 149
  }
},
{
  "model": "field_of_science.fieldofscience",
  "pk": 155,
  "fields": {
    "created": "2022-04-12T15:02:25.831Z",
    "modified": "2022-04-12T15:02:25.840Z",
    "parent_id": 149,
    "is_selectable": true,
    "description": "Block Grants",
    "fos_nsf_id": 960,
    "fos_nsf_abbrev": "",
    "directorate_fos_id": 149
  }
},
{
  "model": "field_of_science.fieldofscience",
  "pk": 156,
  "fields": {
    "created": "2022-04-12T15:02:25.846Z",
    "modified": "2022-04-12T15:02:25.846Z",
    "parent_id": null,
    "is_selectable": false,
    "description": "Humanities/Arts",
    "fos_nsf_id": 700,
    "fos_nsf_abbrev": "HUA",
    "directorate_fos_id": 156
  }
},
{
  "model": "field_of_science.fieldofscience",
  "pk": 157,
  "fields": {
    "created": "2022-04-12T15:02:25.852Z",
    "modified": "2022-04-12T15:02:25.861Z",
    "parent_id": 156,
    "is_selectable": true,
    "description": "Humanities",
    "fos_nsf_id": 710,
    "fos_nsf_abbrev": "HUM",
    "directorate_fos_id": 156
  }
},
{
  "model": "field_of_science.fieldofscience",
  "pk": 158,
  "fields": {
    "created": "2022-04-12T15:02:25.866Z",
    "modified": "2022-04-12T15:02:25.875Z",
    "parent_id": 156,
    "is_selectable": true,
    "description": "Arts",
    "fos_nsf_id": 720,
    "fos_nsf_abbrev": "ART",
    "directorate_fos_id": 156
  }
},
{
  "model": "project.projectstatuschoice",
  "pk": 1,
  "fields": {
    "created": "2022-04-12T15:02:25.983Z",
    "modified": "2022-04-12T15:02:25.983Z",
    "name": "New"
  }
},
{
  "model": "project.projectstatuschoice",
  "pk": 2,
  "fields": {
    "created": "2022-04-12T15:02:25.990Z",
    "modified": "2022-04-12T15:02:25.990Z",
    "name": "Active"
  }
},
{
  "model": "project.projectstatuschoice",
  "pk": 3,
  "fields": {
    "created": "2022-04-12T15:02:25.997Z",
    "modified": "2022-04-12T15:02:25.997Z",
    "name": "Archived"
  }
},
{
  "model": "project.historicalproject",
  "pk": 1,
  "fields": {
    "id": 1,
    "created": "2022-04-12T15:02:27.373Z",
    "modified": "2022-04-12T15:02:27.373Z",
    "title": "Gravitational Studies",
    "description": "Study of Gravity",
    "force_review": false,
    "requires_review": true,
    "pi": 2,
    "field_of_science": 21,
    "status": 2,
    "history_date": "2022-04-12T15:02:27.378Z",
    "history_change_reason": null,
    "history_type": "+",
    "history_user": null
  }
},
{
  "model": "project.historicalproject",
  "pk": 2,
  "fields": {
    "id": 2,
    "created": "2022-04-12T15:02:27.432Z",
    "modified": "2022-04-12T15:02:27.432Z",
    "title": "Hyposonic Flight",
    "description": "Study of Flight at very low speeds",
    "force_review": false,
    "requires_review": true,
    "pi": 5,
    "field_of_science": 149,
    "status": 2,
    "history_date": "2022-04-12T15:02:27.437Z",
    "history_change_reason": null,
    "history_type": "+",
    "history_user": null
  }
},
{
  "model": "project.historicalproject",
  "pk": 3,
  "fields": {
    "id": 3,
    "created": "2022-04-12T15:02:27.499Z",
    "modified": "2022-04-12T15:02:27.499Z",
    "title": "Artificial Id",
    "description": "Attempts to build artificial intelligence with ego and id",
    "force_review": false,
    "requires_review": true,
    "pi": 3,
    "field_of_science": 38,
    "status": 2,
    "history_date": "2022-04-12T15:02:27.504Z",
    "history_change_reason": null,
    "history_type": "+",
    "history_user": null
  }
},
{
  "model": "project.historicalproject",
  "pk": 4,
  "fields": {
    "id": 4,
    "created": "2022-04-12T15:02:27.546Z",
    "modified": "2022-04-12T15:02:27.546Z",
    "title": "Meatball Surgery",
    "description": "Surgery under battlefield conditions",
    "force_review": false,
    "requires_review": true,
    "pi": 4,
    "field_of_science": 87,
    "status": 2,
    "history_date": "2022-04-12T15:02:27.550Z",
    "history_change_reason": null,
    "history_type": "+",
    "history_user": null
  }
},
{
  "model": "project.project",
  "pk": 1,
  "fields": {
    "created": "2022-04-12T15:02:27.373Z",
    "modified": "2022-04-12T15:02:27.373Z",
    "title": "Gravitational Studies",
    "pi": 2,
    "description": "Study of Gravity",
    "field_of_science": 21,
    "status": 2,
    "force_review": false,
    "requires_review": true
  }
},
{
  "model": "project.project",
  "pk": 2,
  "fields": {
    "created": "2022-04-12T15:02:27.432Z",
    "modified": "2022-04-12T15:02:27.432Z",
    "title": "Hyposonic Flight",
    "pi": 5,
    "description": "Study of Flight at very low speeds",
    "field_of_science": 149,
    "status": 2,
    "force_review": false,
    "requires_review": true
  }
},
{
  "model": "project.project",
  "pk": 3,
  "fields": {
    "created": "2022-04-12T15:02:27.499Z",
    "modified": "2022-04-12T15:02:27.499Z",
    "title": "Artificial Id",
    "pi": 3,
    "description": "Attempts to build artificial intelligence with ego and id",
    "field_of_science": 38,
    "status": 2,
    "force_review": false,
    "requires_review": true
  }
},
{
  "model": "project.project",
  "pk": 4,
  "fields": {
    "created": "2022-04-12T15:02:27.546Z",
    "modified": "2022-04-12T15:02:27.546Z",
    "title": "Meatball Surgery",
    "pi": 4,
    "description": "Surgery under battlefield conditions",
    "field_of_science": 87,
    "status": 2,
    "force_review": false,
    "requires_review": true
  }
},
{
  "model": "project.projectreviewstatuschoice",
  "pk": 1,
  "fields": {
    "created": "2022-04-12T15:02:26.005Z",
    "modified": "2022-04-12T15:02:26.005Z",
    "name": "Completed"
  }
},
{
  "model": "project.projectreviewstatuschoice",
  "pk": 2,
  "fields": {
    "created": "2022-04-12T15:02:26.011Z",
    "modified": "2022-04-12T15:02:26.011Z",
    "name": "Pending"
  }
},
{
  "model": "project.projectuserrolechoice",
  "pk": 1,
  "fields": {
    "created": "2022-04-12T15:02:26.020Z",
    "modified": "2022-04-12T15:02:26.020Z",
    "name": "User"
  }
},
{
  "model": "project.projectuserrolechoice",
  "pk": 2,
  "fields": {
    "created": "2022-04-12T15:02:26.026Z",
    "modified": "2022-04-12T15:02:26.026Z",
    "name": "Manager"
  }
},
{
  "model": "project.projectuserstatuschoice",
  "pk": 1,
  "fields": {
    "created": "2022-04-12T15:02:26.034Z",
    "modified": "2022-04-12T15:02:26.034Z",
    "name": "Active"
  }
},
{
  "model": "project.projectuserstatuschoice",
  "pk": 2,
  "fields": {
    "created": "2022-04-12T15:02:26.040Z",
    "modified": "2022-04-12T15:02:26.040Z",
    "name": "Pending - Add"
  }
},
{
  "model": "project.projectuserstatuschoice",
  "pk": 3,
  "fields": {
    "created": "2022-04-12T15:02:26.048Z",
    "modified": "2022-04-12T15:02:26.048Z",
    "name": "Pending - Remove"
  }
},
{
  "model": "project.projectuserstatuschoice",
  "pk": 4,
  "fields": {
    "created": "2022-04-12T15:02:26.054Z",
    "modified": "2022-04-12T15:02:26.054Z",
    "name": "Denied"
  }
},
{
  "model": "project.projectuserstatuschoice",
  "pk": 5,
  "fields": {
    "created": "2022-04-12T15:02:26.062Z",
    "modified": "2022-04-12T15:02:26.062Z",
    "name": "Removed"
  }
},
{
  "model": "project.historicalprojectuser",
  "pk": 1,
  "fields": {
    "id": 1,
    "created": "2022-04-12T15:02:27.389Z",
    "modified": "2022-04-12T15:02:27.389Z",
    "enable_notifications": true,
    "user": 2,
    "project": 1,
    "role": 2,
    "status": 1,
    "history_date": "2022-04-12T15:02:27.394Z",
    "history_change_reason": null,
    "history_type": "+",
    "history_user": null
  }
},
{
  "model": "project.historicalprojectuser",
  "pk": 2,
  "fields": {
    "id": 2,
    "created": "2022-04-12T15:02:27.403Z",
    "modified": "2022-04-12T15:02:27.403Z",
    "enable_notifications": true,
    "user": 1,
    "project": 1,
    "role": 1,
    "status": 1,
    "history_date": "2022-04-12T15:02:27.408Z",
    "history_change_reason": null,
    "history_type": "+",
    "history_user": null
  }
},
{
  "model": "project.historicalprojectuser",
  "pk": 3,
  "fields": {
    "id": 3,
    "created": "2022-04-12T15:02:27.447Z",
    "modified": "2022-04-12T15:02:27.447Z",
    "enable_notifications": true,
    "user": 5,
    "project": 2,
    "role": 2,
    "status": 1,
    "history_date": "2022-04-12T15:02:27.452Z",
    "history_change_reason": null,
    "history_type": "+",
    "history_user": null
  }
},
{
  "model": "project.historicalprojectuser",
  "pk": 4,
  "fields": {
    "id": 4,
    "created": "2022-04-12T15:02:27.462Z",
    "modified": "2022-04-12T15:02:27.462Z",
    "enable_notifications": true,
    "user": 6,
    "project": 2,
    "role": 1,
    "status": 1,
    "history_date": "2022-04-12T15:02:27.466Z",
    "history_change_reason": null,
    "history_type": "+",
    "history_user": null
  }
},
{
  "model": "project.historicalprojectuser",
  "pk": 5,
  "fields": {
    "id": 5,
    "created": "2022-04-12T15:02:27.514Z",
    "modified": "2022-04-12T15:02:27.514Z",
    "enable_notifications": true,
    "user": 3,
    "project": 3,
    "role": 2,
    "status": 1,
    "history_date": "2022-04-12T15:02:27.520Z",
    "history_change_reason": null,
    "history_type": "+",
    "history_user": null
  }
},
{
  "model": "project.historicalprojectuser",
  "pk": 6,
  "fields": {
    "id": 6,
    "created": "2022-04-12T15:02:27.561Z",
    "modified": "2022-04-12T15:02:27.561Z",
    "enable_notifications": true,
    "user": 4,
    "project": 4,
    "role": 2,
    "status": 1,
    "history_date": "2022-04-12T15:02:27.566Z",
    "history_change_reason": null,
    "history_type": "+",
    "history_user": null
  }
},
{
  "model": "project.projectuser",
  "pk": 1,
  "fields": {
    "created": "2022-04-12T15:02:27.389Z",
    "modified": "2022-04-12T15:02:27.389Z",
    "user": 2,
    "project": 1,
    "role": 2,
    "status": 1,
    "enable_notifications": true
  }
},
{
  "model": "project.projectuser",
  "pk": 2,
  "fields": {
    "created": "2022-04-12T15:02:27.403Z",
    "modified": "2022-04-12T15:02:27.403Z",
    "user": 1,
    "project": 1,
    "role": 1,
    "status": 1,
    "enable_notifications": true
  }
},
{
  "model": "project.projectuser",
  "pk": 3,
  "fields": {
    "created": "2022-04-12T15:02:27.447Z",
    "modified": "2022-04-12T15:02:27.447Z",
    "user": 5,
    "project": 2,
    "role": 2,
    "status": 1,
    "enable_notifications": true
  }
},
{
  "model": "project.projectuser",
  "pk": 4,
  "fields": {
    "created": "2022-04-12T15:02:27.462Z",
    "modified": "2022-04-12T15:02:27.462Z",
    "user": 6,
    "project": 2,
    "role": 1,
    "status": 1,
    "enable_notifications": true
  }
},
{
  "model": "project.projectuser",
  "pk": 5,
  "fields": {
    "created": "2022-04-12T15:02:27.514Z",
    "modified": "2022-04-12T15:02:27.514Z",
    "user": 3,
    "project": 3,
    "role": 2,
    "status": 1,
    "enable_notifications": true
  }
},
{
  "model": "project.projectuser",
  "pk": 6,
  "fields": {
    "created": "2022-04-12T15:02:27.561Z",
    "modified": "2022-04-12T15:02:27.561Z",
    "user": 4,
    "project": 4,
    "role": 2,
    "status": 1,
    "enable_notifications": true
  }
},
{
  "model": "resource.attributetype",
  "pk": 1,
  "fields": {
    "created": "2022-04-12T15:02:26.070Z",
    "modified": "2022-04-12T15:02:26.070Z",
    "name": "Active/Inactive"
  }
},
{
  "model": "resource.attributetype",
  "pk": 2,
  "fields": {
    "created": "2022-04-12T15:02:26.077Z",
    "modified": "2022-04-12T15:02:26.077Z",
    "name": "Date"
  }
},
{
  "model": "resource.attributetype",
  "pk": 3,
  "fields": {
    "created": "2022-04-12T15:02:26.084Z",
    "modified": "2022-04-12T15:02:26.084Z",
    "name": "Int"
  }
},
{
  "model": "resource.attributetype",
  "pk": 4,
  "fields": {
    "created": "2022-04-12T15:02:26.090Z",
    "modified": "2022-04-12T15:02:26.090Z",
    "name": "Public/Private"
  }
},
{
  "model": "resource.attributetype",
  "pk": 5,
  "fields": {
    "created": "2022-04-12T15:02:26.097Z",
    "modified": "2022-04-12T15:02:26.097Z",
    "name": "Text"
  }
},
{
  "model": "resource.attributetype",
  "pk": 6,
  "fields": {
    "created": "2022-04-12T15:02:26.103Z",
    "modified": "2022-04-12T15:02:26.103Z",
    "name": "Yes/No"
  }
},
{
  "model": "resource.attributetype",
  "pk": 7,
  "fields": {
    "created": "2022-04-12T15:02:26.110Z",
    "modified": "2022-04-12T15:02:26.110Z",
    "name": "Attribute Expanded Text"
  }
},
{
  "model": "resource.historicalresourcetype",
  "pk": 1,
  "fields": {
    "id": 1,
    "created": "2022-04-12T15:02:26.295Z",
    "modified": "2022-04-12T15:02:26.295Z",
    "name": "Cloud",
    "description": "Cloud Computing",
    "history_date": "2022-04-12T15:02:26.297Z",
    "history_change_reason": null,
    "history_type": "+",
    "history_user": null
  }
},
{
  "model": "resource.historicalresourcetype",
  "pk": 2,
  "fields": {
    "id": 2,
    "created": "2022-04-12T15:02:26.303Z",
    "modified": "2022-04-12T15:02:26.303Z",
    "name": "Cluster",
    "description": "Cluster servers",
    "history_date": "2022-04-12T15:02:26.305Z",
    "history_change_reason": null,
    "history_type": "+",
    "history_user": null
  }
},
{
  "model": "resource.historicalresourcetype",
  "pk": 3,
  "fields": {
    "id": 3,
    "created": "2022-04-12T15:02:26.310Z",
    "modified": "2022-04-12T15:02:26.310Z",
    "name": "Cluster Partition",
    "description": "Cluster Partition ",
    "history_date": "2022-04-12T15:02:26.312Z",
    "history_change_reason": null,
    "history_type": "+",
    "history_user": null
  }
},
{
  "model": "resource.historicalresourcetype",
  "pk": 4,
  "fields": {
    "id": 4,
    "created": "2022-04-12T15:02:26.317Z",
    "modified": "2022-04-12T15:02:26.317Z",
    "name": "Compute Node",
    "description": "Compute Node",
    "history_date": "2022-04-12T15:02:26.318Z",
    "history_change_reason": null,
    "history_type": "+",
    "history_user": null
  }
},
{
  "model": "resource.historicalresourcetype",
  "pk": 5,
  "fields": {
    "id": 5,
    "created": "2022-04-12T15:02:26.323Z",
    "modified": "2022-04-12T15:02:26.323Z",
    "name": "Server",
    "description": "Extra servers providing various services",
    "history_date": "2022-04-12T15:02:26.325Z",
    "history_change_reason": null,
    "history_type": "+",
    "history_user": null
  }
},
{
  "model": "resource.historicalresourcetype",
  "pk": 6,
  "fields": {
    "id": 6,
    "created": "2022-04-12T15:02:26.330Z",
    "modified": "2022-04-12T15:02:26.330Z",
    "name": "Software License",
    "description": "Software license purchased by users",
    "history_date": "2022-04-12T15:02:26.332Z",
    "history_change_reason": null,
    "history_type": "+",
    "history_user": null
  }
},
{
  "model": "resource.historicalresourcetype",
  "pk": 7,
  "fields": {
    "id": 7,
    "created": "2022-04-12T15:02:26.337Z",
    "modified": "2022-04-12T15:02:26.337Z",
    "name": "Storage",
    "description": "NAS storage",
    "history_date": "2022-04-12T15:02:26.339Z",
    "history_change_reason": null,
    "history_type": "+",
    "history_user": null
  }
},
{
  "model": "resource.resourcetype",
  "pk": 1,
  "fields": {
    "created": "2022-04-12T15:02:26.295Z",
    "modified": "2022-04-12T15:02:26.295Z",
    "name": "Cloud",
    "description": "Cloud Computing"
  }
},
{
  "model": "resource.resourcetype",
  "pk": 2,
  "fields": {
    "created": "2022-04-12T15:02:26.303Z",
    "modified": "2022-04-12T15:02:26.303Z",
    "name": "Cluster",
    "description": "Cluster servers"
  }
},
{
  "model": "resource.resourcetype",
  "pk": 3,
  "fields": {
    "created": "2022-04-12T15:02:26.310Z",
    "modified": "2022-04-12T15:02:26.310Z",
    "name": "Cluster Partition",
    "description": "Cluster Partition "
  }
},
{
  "model": "resource.resourcetype",
  "pk": 4,
  "fields": {
    "created": "2022-04-12T15:02:26.317Z",
    "modified": "2022-04-12T15:02:26.317Z",
    "name": "Compute Node",
    "description": "Compute Node"
  }
},
{
  "model": "resource.resourcetype",
  "pk": 5,
  "fields": {
    "created": "2022-04-12T15:02:26.323Z",
    "modified": "2022-04-12T15:02:26.323Z",
    "name": "Server",
    "description": "Extra servers providing various services"
  }
},
{
  "model": "resource.resourcetype",
  "pk": 6,
  "fields": {
    "created": "2022-04-12T15:02:26.330Z",
    "modified": "2022-04-12T15:02:26.330Z",
    "name": "Software License",
    "description": "Software license purchased by users"
  }
},
{
  "model": "resource.resourcetype",
  "pk": 7,
  "fields": {
    "created": "2022-04-12T15:02:26.337Z",
    "modified": "2022-04-12T15:02:26.337Z",
    "name": "Storage",
    "description": "NAS storage"
  }
},
{
  "model": "resource.historicalresourceattributetype",
  "pk": 1,
  "fields": {
    "id": 1,
    "created": "2022-04-12T15:02:26.118Z",
    "modified": "2022-04-12T15:02:26.118Z",
    "name": "Core Count",
    "is_required": false,
    "is_unique_per_resource": false,
    "is_value_unique": false,
    "attribute_type": 3,
    "history_date": "2022-04-12T15:02:26.120Z",
    "history_change_reason": null,
    "history_type": "+",
    "history_user": null
  }
},
{
  "model": "resource.historicalresourceattributetype",
  "pk": 2,
  "fields": {
    "id": 2,
    "created": "2022-04-12T15:02:26.127Z",
    "modified": "2022-04-12T15:02:26.127Z",
    "name": "expiry_time",
    "is_required": false,
    "is_unique_per_resource": false,
    "is_value_unique": false,
    "attribute_type": 3,
    "history_date": "2022-04-12T15:02:26.129Z",
    "history_change_reason": null,
    "history_type": "+",
    "history_user": null
  }
},
{
  "model": "resource.historicalresourceattributetype",
  "pk": 3,
  "fields": {
    "id": 3,
    "created": "2022-04-12T15:02:26.136Z",
    "modified": "2022-04-12T15:02:26.136Z",
    "name": "fee_applies",
    "is_required": false,
    "is_unique_per_resource": false,
    "is_value_unique": false,
    "attribute_type": 6,
    "history_date": "2022-04-12T15:02:26.138Z",
    "history_change_reason": null,
    "history_type": "+",
    "history_user": null
  }
},
{
  "model": "resource.historicalresourceattributetype",
  "pk": 4,
  "fields": {
    "id": 4,
    "created": "2022-04-12T15:02:26.145Z",
    "modified": "2022-04-12T15:02:26.145Z",
    "name": "Node Count",
    "is_required": false,
    "is_unique_per_resource": false,
    "is_value_unique": false,
    "attribute_type": 3,
    "history_date": "2022-04-12T15:02:26.147Z",
    "history_change_reason": null,
    "history_type": "+",
    "history_user": null
  }
},
{
  "model": "resource.historicalresourceattributetype",
  "pk": 5,
  "fields": {
    "id": 5,
    "created": "2022-04-12T15:02:26.154Z",
    "modified": "2022-04-12T15:02:26.154Z",
    "name": "Owner",
    "is_required": false,
    "is_unique_per_resource": false,
    "is_value_unique": false,
    "attribute_type": 5,
    "history_date": "2022-04-12T15:02:26.156Z",
    "history_change_reason": null,
    "history_type": "+",
    "history_user": null
  }
},
{
  "model": "resource.historicalresourceattributetype",
  "pk": 6,
  "fields": {
    "id": 6,
    "created": "2022-04-12T15:02:26.163Z",
    "modified": "2022-04-12T15:02:26.163Z",
    "name": "quantity_default_value",
    "is_required": false,
    "is_unique_per_resource": false,
    "is_value_unique": false,
    "attribute_type": 3,
    "history_date": "2022-04-12T15:02:26.165Z",
    "history_change_reason": null,
    "history_type": "+",
    "history_user": null
  }
},
{
  "model": "resource.historicalresourceattributetype",
  "pk": 7,
  "fields": {
    "id": 7,
    "created": "2022-04-12T15:02:26.172Z",
    "modified": "2022-04-12T15:02:26.172Z",
    "name": "quantity_label",
    "is_required": false,
    "is_unique_per_resource": false,
    "is_value_unique": false,
    "attribute_type": 5,
    "history_date": "2022-04-12T15:02:26.174Z",
    "history_change_reason": null,
    "history_type": "+",
    "history_user": null
  }
},
{
  "model": "resource.historicalresourceattributetype",
  "pk": 8,
  "fields": {
    "id": 8,
    "created": "2022-04-12T15:02:26.180Z",
    "modified": "2022-04-12T15:02:26.180Z",
    "name": "eula",
    "is_required": false,
    "is_unique_per_resource": false,
    "is_value_unique": false,
    "attribute_type": 5,
    "history_date": "2022-04-12T15:02:26.182Z",
    "history_change_reason": null,
    "history_type": "+",
    "history_user": null
  }
},
{
  "model": "resource.historicalresourceattributetype",
  "pk": 9,
  "fields": {
    "id": 9,
    "created": "2022-04-12T15:02:26.189Z",
    "modified": "2022-04-12T15:02:26.189Z",
    "name": "OnDemand",
    "is_required": false,
    "is_unique_per_resource": false,
    "is_value_unique": false,
    "attribute_type": 6,
    "history_date": "2022-04-12T15:02:26.191Z",
    "history_change_reason": null,
    "history_type": "+",
    "history_user": null
  }
},
{
  "model": "resource.historicalresourceattributetype",
  "pk": 10,
  "fields": {
    "id": 10,
    "created": "2022-04-12T15:02:26.197Z",
    "modified": "2022-04-12T15:02:26.197Z",
    "name": "ServiceEnd",
    "is_required": false,
    "is_unique_per_resource": false,
    "is_value_unique": false,
    "attribute_type": 2,
    "history_date": "2022-04-12T15:02:26.199Z",
    "history_change_reason": null,
    "history_type": "+",
    "history_user": null
  }
},
{
  "model": "resource.historicalresourceattributetype",
  "pk": 11,
  "fields": {
    "id": 11,
    "created": "2022-04-12T15:02:26.206Z",
    "modified": "2022-04-12T15:02:26.206Z",
    "name": "ServiceStart",
    "is_required": false,
    "is_unique_per_resource": false,
    "is_value_unique": false,
    "attribute_type": 2,
    "history_date": "2022-04-12T15:02:26.207Z",
    "history_change_reason": null,
    "history_type": "+",
    "history_user": null
  }
},
{
  "model": "resource.historicalresourceattributetype",
  "pk": 12,
  "fields": {
    "id": 12,
    "created": "2022-04-12T15:02:26.214Z",
    "modified": "2022-04-12T15:02:26.214Z",
    "name": "slurm_cluster",
    "is_required": false,
    "is_unique_per_resource": false,
    "is_value_unique": false,
    "attribute_type": 5,
    "history_date": "2022-04-12T15:02:26.216Z",
    "history_change_reason": null,
    "history_type": "+",
    "history_user": null
  }
},
{
  "model": "resource.historicalresourceattributetype",
  "pk": 13,
  "fields": {
    "id": 13,
    "created": "2022-04-12T15:02:26.222Z",
    "modified": "2022-04-12T15:02:26.222Z",
    "name": "slurm_specs",
    "is_required": false,
    "is_unique_per_resource": false,
    "is_value_unique": false,
    "attribute_type": 7,
    "history_date": "2022-04-12T15:02:26.224Z",
    "history_change_reason": null,
    "history_type": "+",
    "history_user": null
  }
},
{
  "model": "resource.historicalresourceattributetype",
  "pk": 14,
  "fields": {
    "id": 14,
    "created": "2022-04-12T15:02:26.231Z",
    "modified": "2022-04-12T15:02:26.231Z",
    "name": "slurm_specs_attriblist",
    "is_required": false,
    "is_unique_per_resource": false,
    "is_value_unique": false,
    "attribute_type": 5,
    "history_date": "2022-04-12T15:02:26.232Z",
    "history_change_reason": null,
    "history_type": "+",
    "history_user": null
  }
},
{
  "model": "resource.historicalresourceattributetype",
  "pk": 15,
  "fields": {
    "id": 15,
    "created": "2022-04-12T15:02:26.239Z",
    "modified": "2022-04-12T15:02:26.239Z",
    "name": "Status",
    "is_required": false,
    "is_unique_per_resource": false,
    "is_value_unique": false,
    "attribute_type": 4,
    "history_date": "2022-04-12T15:02:26.241Z",
    "history_change_reason": null,
    "history_type": "+",
    "history_user": null
  }
},
{
  "model": "resource.historicalresourceattributetype",
  "pk": 16,
  "fields": {
    "id": 16,
    "created": "2022-04-12T15:02:26.247Z",
    "modified": "2022-04-12T15:02:26.247Z",
    "name": "Vendor",
    "is_required": false,
    "is_unique_per_resource": false,
    "is_value_unique": false,
    "attribute_type": 5,
    "history_date": "2022-04-12T15:02:26.249Z",
    "history_change_reason": null,
    "history_type": "+",
    "history_user": null
  }
},
{
  "model": "resource.historicalresourceattributetype",
  "pk": 17,
  "fields": {
    "id": 17,
    "created": "2022-04-12T15:02:26.255Z",
    "modified": "2022-04-12T15:02:26.255Z",
    "name": "Model",
    "is_required": false,
    "is_unique_per_resource": false,
    "is_value_unique": false,
    "attribute_type": 5,
    "history_date": "2022-04-12T15:02:26.257Z",
    "history_change_reason": null,
    "history_type": "+",
    "history_user": null
  }
},
{
  "model": "resource.historicalresourceattributetype",
  "pk": 18,
  "fields": {
    "id": 18,
    "created": "2022-04-12T15:02:26.264Z",
    "modified": "2022-04-12T15:02:26.264Z",
    "name": "SerialNumber",
    "is_required": false,
    "is_unique_per_resource": false,
    "is_value_unique": false,
    "attribute_type": 5,
    "history_date": "2022-04-12T15:02:26.266Z",
    "history_change_reason": null,
    "history_type": "+",
    "history_user": null
  }
},
{
  "model": "resource.historicalresourceattributetype",
  "pk": 19,
  "fields": {
    "id": 19,
    "created": "2022-04-12T15:02:26.272Z",
    "modified": "2022-04-12T15:02:26.272Z",
    "name": "RackUnits",
    "is_required": false,
    "is_unique_per_resource": false,
    "is_value_unique": false,
    "attribute_type": 3,
    "history_date": "2022-04-12T15:02:26.274Z",
    "history_change_reason": null,
    "history_type": "+",
    "history_user": null
  }
},
{
  "model": "resource.historicalresourceattributetype",
  "pk": 20,
  "fields": {
    "id": 20,
    "created": "2022-04-12T15:02:26.280Z",
    "modified": "2022-04-12T15:02:26.280Z",
    "name": "InstallDate",
    "is_required": false,
    "is_unique_per_resource": false,
    "is_value_unique": false,
    "attribute_type": 2,
    "history_date": "2022-04-12T15:02:26.282Z",
    "history_change_reason": null,
    "history_type": "+",
    "history_user": null
  }
},
{
  "model": "resource.historicalresourceattributetype",
  "pk": 21,
  "fields": {
    "id": 21,
    "created": "2022-04-12T15:02:26.288Z",
    "modified": "2022-04-12T15:02:26.288Z",
    "name": "WarrantyExpirationDate",
    "is_required": false,
    "is_unique_per_resource": false,
    "is_value_unique": false,
    "attribute_type": 2,
    "history_date": "2022-04-12T15:02:26.290Z",
    "history_change_reason": null,
    "history_type": "+",
    "history_user": null
  }
},
{
  "model": "resource.resourceattributetype",
  "pk": 1,
  "fields": {
    "created": "2022-04-12T15:02:26.118Z",
    "modified": "2022-04-12T15:02:26.118Z",
    "attribute_type": 3,
    "name": "Core Count",
    "is_required": false,
    "is_unique_per_resource": false,
    "is_value_unique": false
  }
},
{
  "model": "resource.resourceattributetype",
  "pk": 2,
  "fields": {
    "created": "2022-04-12T15:02:26.127Z",
    "modified": "2022-04-12T15:02:26.127Z",
    "attribute_type": 3,
    "name": "expiry_time",
    "is_required": false,
    "is_unique_per_resource": false,
    "is_value_unique": false
  }
},
{
  "model": "resource.resourceattributetype",
  "pk": 3,
  "fields": {
    "created": "2022-04-12T15:02:26.136Z",
    "modified": "2022-04-12T15:02:26.136Z",
    "attribute_type": 6,
    "name": "fee_applies",
    "is_required": false,
    "is_unique_per_resource": false,
    "is_value_unique": false
  }
},
{
  "model": "resource.resourceattributetype",
  "pk": 4,
  "fields": {
    "created": "2022-04-12T15:02:26.145Z",
    "modified": "2022-04-12T15:02:26.145Z",
    "attribute_type": 3,
    "name": "Node Count",
    "is_required": false,
    "is_unique_per_resource": false,
    "is_value_unique": false
  }
},
{
  "model": "resource.resourceattributetype",
  "pk": 5,
  "fields": {
    "created": "2022-04-12T15:02:26.154Z",
    "modified": "2022-04-12T15:02:26.154Z",
    "attribute_type": 5,
    "name": "Owner",
    "is_required": false,
    "is_unique_per_resource": false,
    "is_value_unique": false
  }
},
{
  "model": "resource.resourceattributetype",
  "pk": 6,
  "fields": {
    "created": "2022-04-12T15:02:26.163Z",
    "modified": "2022-04-12T15:02:26.163Z",
    "attribute_type": 3,
    "name": "quantity_default_value",
    "is_required": false,
    "is_unique_per_resource": false,
    "is_value_unique": false
  }
},
{
  "model": "resource.resourceattributetype",
  "pk": 7,
  "fields": {
    "created": "2022-04-12T15:02:26.172Z",
    "modified": "2022-04-12T15:02:26.172Z",
    "attribute_type": 5,
    "name": "quantity_label",
    "is_required": false,
    "is_unique_per_resource": false,
    "is_value_unique": false
  }
},
{
  "model": "resource.resourceattributetype",
  "pk": 8,
  "fields": {
    "created": "2022-04-12T15:02:26.180Z",
    "modified": "2022-04-12T15:02:26.180Z",
    "attribute_type": 5,
    "name": "eula",
    "is_required": false,
    "is_unique_per_resource": false,
    "is_value_unique": false
  }
},
{
  "model": "resource.resourceattributetype",
  "pk": 9,
  "fields": {
    "created": "2022-04-12T15:02:26.189Z",
    "modified": "2022-04-12T15:02:26.189Z",
    "attribute_type": 6,
    "name": "OnDemand",
    "is_required": false,
    "is_unique_per_resource": false,
    "is_value_unique": false
  }
},
{
  "model": "resource.resourceattributetype",
  "pk": 10,
  "fields": {
    "created": "2022-04-12T15:02:26.197Z",
    "modified": "2022-04-12T15:02:26.197Z",
    "attribute_type": 2,
    "name": "ServiceEnd",
    "is_required": false,
    "is_unique_per_resource": false,
    "is_value_unique": false
  }
},
{
  "model": "resource.resourceattributetype",
  "pk": 11,
  "fields": {
    "created": "2022-04-12T15:02:26.206Z",
    "modified": "2022-04-12T15:02:26.206Z",
    "attribute_type": 2,
    "name": "ServiceStart",
    "is_required": false,
    "is_unique_per_resource": false,
    "is_value_unique": false
  }
},
{
  "model": "resource.resourceattributetype",
  "pk": 12,
  "fields": {
    "created": "2022-04-12T15:02:26.214Z",
    "modified": "2022-04-12T15:02:26.214Z",
    "attribute_type": 5,
    "name": "slurm_cluster",
    "is_required": false,
    "is_unique_per_resource": false,
    "is_value_unique": false
  }
},
{
  "model": "resource.resourceattributetype",
  "pk": 13,
  "fields": {
    "created": "2022-04-12T15:02:26.222Z",
    "modified": "2022-04-12T15:02:26.222Z",
    "attribute_type": 7,
    "name": "slurm_specs",
    "is_required": false,
    "is_unique_per_resource": false,
    "is_value_unique": false
  }
},
{
  "model": "resource.resourceattributetype",
  "pk": 14,
  "fields": {
    "created": "2022-04-12T15:02:26.231Z",
    "modified": "2022-04-12T15:02:26.231Z",
    "attribute_type": 5,
    "name": "slurm_specs_attriblist",
    "is_required": false,
    "is_unique_per_resource": false,
    "is_value_unique": false
  }
},
{
  "model": "resource.resourceattributetype",
  "pk": 15,
  "fields": {
    "created": "2022-04-12T15:02:26.239Z",
    "modified": "2022-04-12T15:02:26.239Z",
    "attribute_type": 4,
    "name": "Status",
    "is_required": false,
    "is_unique_per_resource": false,
    "is_value_unique": false
  }
},
{
  "model": "resource.resourceattributetype",
  "pk": 16,
  "fields": {
    "created": "2022-04-12T15:02:26.247Z",
    "modified": "2022-04-12T15:02:26.247Z",
    "attribute_type": 5,
    "name": "Vendor",
    "is_required": false,
    "is_unique_per_resource": false,
    "is_value_unique": false
  }
},
{
  "model": "resource.resourceattributetype",
  "pk": 17,
  "fields": {
    "created": "2022-04-12T15:02:26.255Z",
    "modified": "2022-04-12T15:02:26.255Z",
    "attribute_type": 5,
    "name": "Model",
    "is_required": false,
    "is_unique_per_resource": false,
    "is_value_unique": false
  }
},
{
  "model": "resource.resourceattributetype",
  "pk": 18,
  "fields": {
    "created": "2022-04-12T15:02:26.264Z",
    "modified": "2022-04-12T15:02:26.264Z",
    "attribute_type": 5,
    "name": "SerialNumber",
    "is_required": false,
    "is_unique_per_resource": false,
    "is_value_unique": false
  }
},
{
  "model": "resource.resourceattributetype",
  "pk": 19,
  "fields": {
    "created": "2022-04-12T15:02:26.272Z",
    "modified": "2022-04-12T15:02:26.272Z",
    "attribute_type": 3,
    "name": "RackUnits",
    "is_required": false,
    "is_unique_per_resource": false,
    "is_value_unique": false
  }
},
{
  "model": "resource.resourceattributetype",
  "pk": 20,
  "fields": {
    "created": "2022-04-12T15:02:26.280Z",
    "modified": "2022-04-12T15:02:26.280Z",
    "attribute_type": 2,
    "name": "InstallDate",
    "is_required": false,
    "is_unique_per_resource": false,
    "is_value_unique": false
  }
},
{
  "model": "resource.resourceattributetype",
  "pk": 21,
  "fields": {
    "created": "2022-04-12T15:02:26.288Z",
    "modified": "2022-04-12T15:02:26.288Z",
    "attribute_type": 2,
    "name": "WarrantyExpirationDate",
    "is_required": false,
    "is_unique_per_resource": false,
    "is_value_unique": false
  }
},
{
  "model": "resource.historicalresource",
  "pk": 1,
  "fields": {
    "id": 1,
    "created": "2022-04-12T15:02:27.343Z",
    "modified": "2022-04-12T15:02:27.343Z",
    "name": "University HPC",
    "description": "Main University HPC",
    "is_available": true,
    "is_public": true,
    "is_allocatable": true,
    "requires_payment": false,
    "parent_resource": null,
    "resource_type": 2,
    "history_date": "2022-04-12T15:02:27.349Z",
    "history_change_reason": null,
    "history_type": "+",
    "history_user": null
  }
},
{
  "model": "resource.resource",
  "pk": 1,
  "fields": {
    "created": "2022-04-12T15:02:27.343Z",
    "modified": "2022-04-12T15:02:27.343Z",
    "parent_resource": null,
    "resource_type": 2,
    "name": "University HPC",
    "description": "Main University HPC",
    "is_available": true,
    "is_public": true,
    "is_allocatable": true,
    "requires_payment": false,
    "allowed_groups": [],
    "allowed_users": [],
    "linked_resources": []
  }
},
{
  "model": "resource.historicalresourceattribute",
  "pk": 1,
  "fields": {
    "id": 1,
    "created": "2022-04-12T15:02:27.357Z",
    "modified": "2022-04-12T15:02:27.357Z",
    "value": "mainhpc",
    "resource_attribute_type": 12,
    "resource": 1,
    "history_date": "2022-04-12T15:02:27.362Z",
    "history_change_reason": null,
    "history_type": "+",
    "history_user": null
  }
},
{
  "model": "resource.resourceattribute",
  "pk": 1,
  "fields": {
    "created": "2022-04-12T15:02:27.357Z",
    "modified": "2022-04-12T15:02:27.357Z",
    "resource_attribute_type": 12,
    "resource": 1,
    "value": "mainhpc"
  }
},
{
  "model": "allocation.allocationstatuschoice",
  "pk": 1,
  "fields": {
    "created": "2022-04-12T15:02:26.381Z",
    "modified": "2022-04-12T15:02:26.381Z",
    "name": "Active"
  }
},
{
  "model": "allocation.allocationstatuschoice",
  "pk": 2,
  "fields": {
    "created": "2022-04-12T15:02:26.387Z",
    "modified": "2022-04-12T15:02:26.387Z",
    "name": "Denied"
  }
},
{
  "model": "allocation.allocationstatuschoice",
  "pk": 3,
  "fields": {
    "created": "2022-04-12T15:02:26.393Z",
    "modified": "2022-04-12T15:02:26.393Z",
    "name": "Expired"
  }
},
{
  "model": "allocation.allocationstatuschoice",
  "pk": 4,
  "fields": {
    "created": "2022-04-12T15:02:26.399Z",
    "modified": "2022-04-12T15:02:26.399Z",
    "name": "New"
  }
},
{
  "model": "allocation.allocationstatuschoice",
  "pk": 5,
  "fields": {
    "created": "2022-04-12T15:02:26.405Z",
    "modified": "2022-04-12T15:02:26.405Z",
    "name": "Paid"
  }
},
{
  "model": "allocation.allocationstatuschoice",
  "pk": 6,
  "fields": {
    "created": "2022-04-12T15:02:26.413Z",
    "modified": "2022-04-12T15:02:26.413Z",
    "name": "Payment Pending"
  }
},
{
  "model": "allocation.allocationstatuschoice",
  "pk": 7,
  "fields": {
    "created": "2022-04-12T15:02:26.419Z",
    "modified": "2022-04-12T15:02:26.419Z",
    "name": "Payment Requested"
  }
},
{
  "model": "allocation.allocationstatuschoice",
  "pk": 8,
  "fields": {
    "created": "2022-04-12T15:02:26.425Z",
    "modified": "2022-04-12T15:02:26.425Z",
    "name": "Payment Declined"
  }
},
{
  "model": "allocation.allocationstatuschoice",
  "pk": 9,
  "fields": {
    "created": "2022-04-12T15:02:26.431Z",
    "modified": "2022-04-12T15:02:26.431Z",
    "name": "Renewal Requested"
  }
},
{
  "model": "allocation.allocationstatuschoice",
  "pk": 10,
  "fields": {
    "created": "2022-04-12T15:02:26.437Z",
    "modified": "2022-04-12T15:02:26.437Z",
    "name": "Revoked"
  }
},
{
  "model": "allocation.allocationstatuschoice",
  "pk": 11,
  "fields": {
    "created": "2022-04-12T15:02:26.443Z",
    "modified": "2022-04-12T15:02:26.443Z",
    "name": "Unpaid"
  }
},
{
  "model": "allocation.historicalallocation",
  "pk": 1,
  "fields": {
    "id": 1,
    "created": "2022-04-12T15:02:27.631Z",
    "modified": "2022-04-12T15:02:27.631Z",
    "quantity": 1,
    "start_date": null,
    "end_date": null,
    "justification": "Must warp space-time",
    "description": "einstein-alloc",
    "is_locked": false,
    "is_changeable": false,
    "project": 1,
    "status": 1,
    "history_date": "2022-04-12T15:02:27.636Z",
    "history_change_reason": null,
    "history_type": "+",
    "history_user": null
  }
},
{
  "model": "allocation.historicalallocation",
  "pk": 2,
  "fields": {
    "id": 2,
    "created": "2022-04-12T15:02:27.698Z",
    "modified": "2022-04-12T15:02:27.698Z",
    "quantity": 1,
    "start_date": null,
    "end_date": null,
    "justification": "I need CPU",
    "description": "wright-alloc",
    "is_locked": false,
    "is_changeable": false,
    "project": 2,
    "status": 1,
    "history_date": "2022-04-12T15:02:27.703Z",
    "history_change_reason": null,
    "history_type": "+",
    "history_user": null
  }
},
{
  "model": "allocation.historicalallocation",
  "pk": 3,
  "fields": {
    "id": 3,
    "created": "2022-04-12T15:02:27.791Z",
    "modified": "2022-04-12T15:02:27.791Z",
    "quantity": 1,
    "start_date": null,
    "end_date": null,
    "justification": "Wilbur needs more CPU",
    "description": "wilbur-alloc",
    "is_locked": false,
    "is_changeable": false,
    "project": 2,
    "status": 1,
    "history_date": "2022-04-12T15:02:27.797Z",
    "history_change_reason": null,
    "history_type": "+",
    "history_user": null
  }
},
{
  "model": "allocation.historicalallocation",
  "pk": 4,
  "fields": {
    "id": 4,
    "created": "2022-04-12T15:02:27.868Z",
    "modified": "2022-04-12T15:02:27.868Z",
    "quantity": 1,
    "start_date": null,
    "end_date": null,
    "justification": "Orville needs more CPU",
    "description": "orville-alloc",
    "is_locked": false,
    "is_changeable": false,
    "project": 2,
    "status": 1,
    "history_date": "2022-04-12T15:02:27.874Z",
    "history_change_reason": null,
    "history_type": "+",
    "history_user": null
  }
},
{
  "model": "allocation.historicalallocation",
  "pk": 5,
  "fields": {
    "id": 5,
    "created": "2022-04-12T15:02:27.948Z",
    "modified": "2022-04-12T15:02:27.948Z",
    "quantity": 1,
    "start_date": null,
    "end_date": null,
    "justification": "",
    "description": "freud-alloc",
    "is_locked": false,
    "is_changeable": false,
    "project": 3,
    "status": 1,
    "history_date": "2022-04-12T15:02:27.954Z",
    "history_change_reason": null,
    "history_type": "+",
    "history_user": null
  }
},
{
  "model": "allocation.historicalallocation",
  "pk": 6,
  "fields": {
    "id": 6,
    "created": "2022-04-12T15:02:28.006Z",
    "modified": "2022-04-12T15:02:28.006Z",
    "quantity": 1,
    "start_date": null,
    "end_date": null,
    "justification": "",
    "description": "hawkeye-alloc",
    "is_locked": false,
    "is_changeable": false,
    "project": 4,
    "status": 1,
    "history_date": "2022-04-12T15:02:28.012Z",
    "history_change_reason": null,
    "history_type": "+",
    "history_user": null
  }
},
{
  "model": "allocation.allocation",
  "pk": 1,
  "fields": {
    "created": "2022-04-12T15:02:27.631Z",
    "modified": "2022-04-12T15:02:27.631Z",
    "project": 1,
    "status": 1,
    "quantity": 1,
    "start_date": null,
    "end_date": null,
    "justification": "Must warp space-time",
    "description": "einstein-alloc",
    "is_locked": false,
    "is_changeable": false,
    "resources": [
      1
    ]
  }
},
{
  "model": "allocation.allocation",
  "pk": 2,
  "fields": {
    "created": "2022-04-12T15:02:27.698Z",
    "modified": "2022-04-12T15:02:27.698Z",
    "project": 2,
    "status": 1,
    "quantity": 1,
    "start_date": null,
    "end_date": null,
    "justification": "I need CPU",
    "description": "wright-alloc",
    "is_locked": false,
    "is_changeable": false,
    "resources": [
      1
    ]
  }
},
{
  "model": "allocation.allocation",
  "pk": 3,
  "fields": {
    "created": "2022-04-12T15:02:27.791Z",
    "modified": "2022-04-12T15:02:27.791Z",
    "project": 2,
    "status": 1,
    "quantity": 1,
    "start_date": null,
    "end_date": null,
    "justification": "Wilbur needs more CPU",
    "description": "wilbur-alloc",
    "is_locked": false,
    "is_changeable": false,
    "resources": [
      1
    ]
  }
},
{
  "model": "allocation.allocation",
  "pk": 4,
  "fields": {
    "created": "2022-04-12T15:02:27.868Z",
    "modified": "2022-04-12T15:02:27.868Z",
    "project": 2,
    "status": 1,
    "quantity": 1,
    "start_date": null,
    "end_date": null,
    "justification": "Orville needs more CPU",
    "description": "orville-alloc",
    "is_locked": false,
    "is_changeable": false,
    "resources": [
      1
    ]
  }
},
{
  "model": "allocation.allocation",
  "pk": 5,
  "fields": {
    "created": "2022-04-12T15:02:27.948Z",
    "modified": "2022-04-12T15:02:27.948Z",
    "project": 3,
    "status": 1,
    "quantity": 1,
    "start_date": null,
    "end_date": null,
    "justification": "",
    "description": "freud-alloc",
    "is_locked": false,
    "is_changeable": false,
    "resources": [
      1
    ]
  }
},
{
  "model": "allocation.allocation",
  "pk": 6,
  "fields": {
    "created": "2022-04-12T15:02:28.006Z",
    "modified": "2022-04-12T15:02:28.006Z",
    "project": 4,
    "status": 1,
    "quantity": 1,
    "start_date": null,
    "end_date": null,
    "justification": "",
    "description": "hawkeye-alloc",
    "is_locked": false,
    "is_changeable": false,
    "resources": [
      1
    ]
  }
},
{
  "model": "allocation.attributetype",
  "pk": 1,
  "fields": {
    "created": "2022-04-12T15:02:26.345Z",
    "modified": "2022-04-12T15:02:26.345Z",
    "name": "Date"
  }
},
{
  "model": "allocation.attributetype",
  "pk": 2,
  "fields": {
    "created": "2022-04-12T15:02:26.352Z",
    "modified": "2022-04-12T15:02:26.352Z",
    "name": "Float"
  }
},
{
  "model": "allocation.attributetype",
  "pk": 3,
  "fields": {
    "created": "2022-04-12T15:02:26.357Z",
    "modified": "2022-04-12T15:02:26.357Z",
    "name": "Int"
  }
},
{
  "model": "allocation.attributetype",
  "pk": 4,
  "fields": {
    "created": "2022-04-12T15:02:26.363Z",
    "modified": "2022-04-12T15:02:26.363Z",
    "name": "Text"
  }
},
{
  "model": "allocation.attributetype",
  "pk": 5,
  "fields": {
    "created": "2022-04-12T15:02:26.369Z",
    "modified": "2022-04-12T15:02:26.369Z",
    "name": "Yes/No"
  }
},
{
  "model": "allocation.attributetype",
  "pk": 6,
  "fields": {
    "created": "2022-04-12T15:02:26.375Z",
    "modified": "2022-04-12T15:02:26.375Z",
    "name": "Attribute Expanded Text"
  }
},
{
  "model": "allocation.historicalallocationattributetype",
  "pk": 1,
  "fields": {
    "id": 1,
    "created": "2022-04-12T15:02:26.473Z",
    "modified": "2022-04-12T15:02:26.473Z",
    "name": "Cloud Account Name",
    "has_usage": false,
    "is_required": false,
    "is_unique": false,
    "is_private": false,
    "is_changeable": false,
    "attribute_type": 4,
    "history_date": "2022-04-12T15:02:26.475Z",
    "history_change_reason": null,
    "history_type": "+",
    "history_user": null
  }
},
{
  "model": "allocation.historicalallocationattributetype",
  "pk": 2,
  "fields": {
    "id": 2,
    "created": "2022-04-12T15:02:26.482Z",
    "modified": "2022-04-12T15:02:26.482Z",
    "name": "CLOUD_USAGE_NOTIFICATION",
    "has_usage": false,
    "is_required": false,
    "is_unique": false,
    "is_private": true,
    "is_changeable": false,
    "attribute_type": 5,
    "history_date": "2022-04-12T15:02:26.484Z",
    "history_change_reason": null,
    "history_type": "+",
    "history_user": null
  }
},
{
  "model": "allocation.historicalallocationattributetype",
  "pk": 3,
  "fields": {
    "id": 3,
    "created": "2022-04-12T15:02:26.490Z",
    "modified": "2022-04-12T15:02:26.490Z",
    "name": "Core Usage (Hours)",
    "has_usage": true,
    "is_required": false,
    "is_unique": false,
    "is_private": false,
    "is_changeable": false,
    "attribute_type": 3,
    "history_date": "2022-04-12T15:02:26.493Z",
    "history_change_reason": null,
    "history_type": "+",
    "history_user": null
  }
},
{
  "model": "allocation.historicalallocationattributetype",
  "pk": 4,
  "fields": {
    "id": 4,
    "created": "2022-04-12T15:02:26.499Z",
    "modified": "2022-04-12T15:02:26.499Z",
    "name": "Cloud Storage Quota (TB)",
    "has_usage": true,
    "is_required": false,
    "is_unique": false,
    "is_private": false,
    "is_changeable": false,
    "attribute_type": 2,
    "history_date": "2022-04-12T15:02:26.501Z",
    "history_change_reason": null,
    "history_type": "+",
    "history_user": null
  }
},
{
  "model": "allocation.historicalallocationattributetype",
  "pk": 5,
  "fields": {
    "id": 5,
    "created": "2022-04-12T15:02:26.508Z",
    "modified": "2022-04-12T15:02:26.508Z",
    "name": "EXPIRE NOTIFICATION",
    "has_usage": false,
    "is_required": false,
    "is_unique": false,
    "is_private": true,
    "is_changeable": false,
    "attribute_type": 5,
    "history_date": "2022-04-12T15:02:26.510Z",
    "history_change_reason": null,
    "history_type": "+",
    "history_user": null
  }
},
{
  "model": "allocation.historicalallocationattributetype",
  "pk": 6,
  "fields": {
    "id": 6,
    "created": "2022-04-12T15:02:26.517Z",
    "modified": "2022-04-12T15:02:26.517Z",
    "name": "freeipa_group",
    "has_usage": false,
    "is_required": false,
    "is_unique": false,
    "is_private": false,
    "is_changeable": false,
    "attribute_type": 4,
    "history_date": "2022-04-12T15:02:26.519Z",
    "history_change_reason": null,
    "history_type": "+",
    "history_user": null
  }
},
{
  "model": "allocation.historicalallocationattributetype",
  "pk": 7,
  "fields": {
    "id": 7,
    "created": "2022-04-12T15:02:26.526Z",
    "modified": "2022-04-12T15:02:26.526Z",
    "name": "Is Course?",
    "has_usage": false,
    "is_required": false,
    "is_unique": false,
    "is_private": true,
    "is_changeable": false,
    "attribute_type": 5,
    "history_date": "2022-04-12T15:02:26.527Z",
    "history_change_reason": null,
    "history_type": "+",
    "history_user": null
  }
},
{
  "model": "allocation.historicalallocationattributetype",
  "pk": 8,
  "fields": {
    "id": 8,
    "created": "2022-04-12T15:02:26.534Z",
    "modified": "2022-04-12T15:02:26.534Z",
    "name": "Paid",
    "has_usage": false,
    "is_required": false,
    "is_unique": false,
    "is_private": false,
    "is_changeable": false,
    "attribute_type": 2,
    "history_date": "2022-04-12T15:02:26.536Z",
    "history_change_reason": null,
    "history_type": "+",
    "history_user": null
  }
},
{
  "model": "allocation.historicalallocationattributetype",
  "pk": 9,
  "fields": {
    "id": 9,
    "created": "2022-04-12T15:02:26.542Z",
    "modified": "2022-04-12T15:02:26.542Z",
    "name": "Paid Cloud Support (Hours)",
    "has_usage": true,
    "is_required": false,
    "is_unique": false,
    "is_private": true,
    "is_changeable": false,
    "attribute_type": 2,
    "history_date": "2022-04-12T15:02:26.544Z",
    "history_change_reason": null,
    "history_type": "+",
    "history_user": null
  }
},
{
  "model": "allocation.historicalallocationattributetype",
  "pk": 10,
  "fields": {
    "id": 10,
    "created": "2022-04-12T15:02:26.550Z",
    "modified": "2022-04-12T15:02:26.550Z",
    "name": "Paid Network Support (Hours)",
    "has_usage": true,
    "is_required": false,
    "is_unique": false,
    "is_private": true,
    "is_changeable": false,
    "attribute_type": 2,
    "history_date": "2022-04-12T15:02:26.552Z",
    "history_change_reason": null,
    "history_type": "+",
    "history_user": null
  }
},
{
  "model": "allocation.historicalallocationattributetype",
  "pk": 11,
  "fields": {
    "id": 11,
    "created": "2022-04-12T15:02:26.559Z",
    "modified": "2022-04-12T15:02:26.559Z",
    "name": "Paid Storage Support (Hours)",
    "has_usage": true,
    "is_required": false,
    "is_unique": false,
    "is_private": true,
    "is_changeable": false,
    "attribute_type": 2,
    "history_date": "2022-04-12T15:02:26.560Z",
    "history_change_reason": null,
    "history_type": "+",
    "history_user": null
  }
},
{
  "model": "allocation.historicalallocationattributetype",
  "pk": 12,
  "fields": {
    "id": 12,
    "created": "2022-04-12T15:02:26.567Z",
    "modified": "2022-04-12T15:02:26.567Z",
    "name": "Purchase Order Number",
    "has_usage": false,
    "is_required": false,
    "is_unique": false,
    "is_private": true,
    "is_changeable": false,
    "attribute_type": 3,
    "history_date": "2022-04-12T15:02:26.569Z",
    "history_change_reason": null,
    "history_type": "+",
    "history_user": null
  }
},
{
  "model": "allocation.historicalallocationattributetype",
  "pk": 13,
  "fields": {
    "id": 13,
    "created": "2022-04-12T15:02:26.576Z",
    "modified": "2022-04-12T15:02:26.576Z",
    "name": "send_expiry_email_on_date",
    "has_usage": false,
    "is_required": false,
    "is_unique": false,
    "is_private": true,
    "is_changeable": false,
    "attribute_type": 1,
    "history_date": "2022-04-12T15:02:26.578Z",
    "history_change_reason": null,
    "history_type": "+",
    "history_user": null
  }
},
{
  "model": "allocation.historicalallocationattributetype",
  "pk": 14,
  "fields": {
    "id": 14,
    "created": "2022-04-12T15:02:26.585Z",
    "modified": "2022-04-12T15:02:26.585Z",
    "name": "slurm_account_name",
    "has_usage": false,
    "is_required": false,
    "is_unique": false,
    "is_private": false,
    "is_changeable": false,
    "attribute_type": 4,
    "history_date": "2022-04-12T15:02:26.587Z",
    "history_change_reason": null,
    "history_type": "+",
    "history_user": null
  }
},
{
  "model": "allocation.historicalallocationattributetype",
  "pk": 15,
  "fields": {
    "id": 15,
    "created": "2022-04-12T15:02:26.593Z",
    "modified": "2022-04-12T15:02:26.593Z",
    "name": "slurm_specs",
    "has_usage": false,
    "is_required": false,
    "is_unique": false,
    "is_private": true,
    "is_changeable": false,
    "attribute_type": 6,
    "history_date": "2022-04-12T15:02:26.595Z",
    "history_change_reason": null,
    "history_type": "+",
    "history_user": null
  }
},
{
  "model": "allocation.historicalallocationattributetype",
  "pk": 16,
  "fields": {
    "id": 16,
    "created": "2022-04-12T15:02:26.602Z",
    "modified": "2022-04-12T15:02:26.602Z",
    "name": "slurm_specs_attriblist",
    "has_usage": false,
    "is_required": false,
    "is_unique": false,
    "is_private": true,
    "is_changeable": false,
    "attribute_type": 4,
    "history_date": "2022-04-12T15:02:26.603Z",
    "history_change_reason": null,
    "history_type": "+",
    "history_user": null
  }
},
{
  "model": "allocation.historicalallocationattributetype",
  "pk": 17,
  "fields": {
    "id": 17,
    "created": "2022-04-12T15:02:26.610Z",
    "modified": "2022-04-12T15:02:26.610Z",
    "name": "slurm_user_specs",
    "has_usage": false,
    "is_required": false,
    "is_unique": false,
    "is_private": true,
    "is_changeable": false,
    "attribute_type": 6,
    "history_date": "2022-04-12T15:02:26.612Z",
    "history_change_reason": null,
    "history_type": "+",
    "history_user": null
  }
},
{
  "model": "allocation.historicalallocationattributetype",
  "pk": 18,
  "fields": {
    "id": 18,
    "created": "2022-04-12T15:02:26.619Z",
    "modified": "2022-04-12T15:02:26.619Z",
    "name": "slurm_user_specs_attriblist",
    "has_usage": false,
    "is_required": false,
    "is_unique": false,
    "is_private": true,
    "is_changeable": false,
    "attribute_type": 4,
    "history_date": "2022-04-12T15:02:26.621Z",
    "history_change_reason": null,
    "history_type": "+",
    "history_user": null
  }
},
{
  "model": "allocation.historicalallocationattributetype",
  "pk": 19,
  "fields": {
    "id": 19,
    "created": "2022-04-12T15:02:26.628Z",
    "modified": "2022-04-12T15:02:26.628Z",
    "name": "Storage Quota (GB)",
    "has_usage": false,
    "is_required": false,
    "is_unique": false,
    "is_private": false,
    "is_changeable": false,
    "attribute_type": 3,
    "history_date": "2022-04-12T15:02:26.630Z",
    "history_change_reason": null,
    "history_type": "+",
    "history_user": null
  }
},
{
  "model": "allocation.historicalallocationattributetype",
  "pk": 20,
  "fields": {
    "id": 20,
    "created": "2022-04-12T15:02:26.637Z",
    "modified": "2022-04-12T15:02:26.637Z",
    "name": "Storage_Group_Name",
    "has_usage": false,
    "is_required": false,
    "is_unique": false,
    "is_private": false,
    "is_changeable": false,
    "attribute_type": 4,
    "history_date": "2022-04-12T15:02:26.639Z",
    "history_change_reason": null,
    "history_type": "+",
    "history_user": null
  }
},
{
  "model": "allocation.historicalallocationattributetype",
  "pk": 21,
  "fields": {
    "id": 21,
    "created": "2022-04-12T15:02:26.645Z",
    "modified": "2022-04-12T15:02:26.645Z",
    "name": "SupportersQOS",
    "has_usage": false,
    "is_required": false,
    "is_unique": false,
    "is_private": false,
    "is_changeable": false,
    "attribute_type": 5,
    "history_date": "2022-04-12T15:02:26.647Z",
    "history_change_reason": null,
    "history_type": "+",
    "history_user": null
  }
},
{
  "model": "allocation.historicalallocationattributetype",
  "pk": 22,
  "fields": {
    "id": 22,
    "created": "2022-04-12T15:02:26.654Z",
    "modified": "2022-04-12T15:02:26.654Z",
    "name": "SupportersQOSExpireDate",
    "has_usage": false,
    "is_required": false,
    "is_unique": false,
    "is_private": false,
    "is_changeable": false,
    "attribute_type": 1,
    "history_date": "2022-04-12T15:02:26.655Z",
    "history_change_reason": null,
    "history_type": "+",
    "history_user": null
  }
},
{
  "model": "allocation.historicalallocationattributetype",
  "pk": 23,
  "fields": {
    "id": 23,
    "created": "2022-04-12T15:02:27.592Z",
    "modified": "2022-04-12T15:02:27.592Z",
    "name": "xdmod_allocation_code",
    "has_usage": false,
    "is_required": false,
    "is_unique": false,
    "is_private": true,
    "is_changeable": false,
    "attribute_type": 4,
    "history_date": "2022-04-12T15:02:27.597Z",
    "history_change_reason": null,
    "history_type": "+",
    "history_user": null
  }
},
{
  "model": "allocation.historicalallocationattributetype",
  "pk": 24,
  "fields": {
    "id": 24,
    "created": "2022-04-12T15:02:27.605Z",
    "modified": "2022-04-12T15:02:27.605Z",
    "name": "xdmod_allocation_name",
    "has_usage": false,
    "is_required": false,
    "is_unique": false,
    "is_private": true,
    "is_changeable": false,
    "attribute_type": 4,
    "history_date": "2022-04-12T15:02:27.610Z",
    "history_change_reason": null,
    "history_type": "+",
    "history_user": null
  }
},
{
  "model": "allocation.historicalallocationattributetype",
  "pk": 25,
  "fields": {
    "id": 25,
    "created": "2022-04-12T15:02:27.618Z",
    "modified": "2022-04-12T15:02:27.618Z",
    "name": "xdmod_project_code",
    "has_usage": false,
    "is_required": false,
    "is_unique": false,
    "is_private": true,
    "is_changeable": false,
    "attribute_type": 4,
    "history_date": "2022-04-12T15:02:27.622Z",
    "history_change_reason": null,
    "history_type": "+",
    "history_user": null
  }
},
{
  "model": "allocation.allocationattributetype",
  "pk": 1,
  "fields": {
    "created": "2022-04-12T15:02:26.473Z",
    "modified": "2022-04-12T15:02:26.473Z",
    "attribute_type": 4,
    "name": "Cloud Account Name",
    "has_usage": false,
    "is_required": false,
    "is_unique": false,
    "is_private": false,
    "is_changeable": false
  }
},
{
  "model": "allocation.allocationattributetype",
  "pk": 2,
  "fields": {
    "created": "2022-04-12T15:02:26.482Z",
    "modified": "2022-04-12T15:02:26.482Z",
    "attribute_type": 5,
    "name": "CLOUD_USAGE_NOTIFICATION",
    "has_usage": false,
    "is_required": false,
    "is_unique": false,
    "is_private": true,
    "is_changeable": false
  }
},
{
  "model": "allocation.allocationattributetype",
  "pk": 3,
  "fields": {
    "created": "2022-04-12T15:02:26.490Z",
    "modified": "2022-04-12T15:02:26.490Z",
    "attribute_type": 3,
    "name": "Core Usage (Hours)",
    "has_usage": true,
    "is_required": false,
    "is_unique": false,
    "is_private": false,
    "is_changeable": false
  }
},
{
  "model": "allocation.allocationattributetype",
  "pk": 4,
  "fields": {
    "created": "2022-04-12T15:02:26.499Z",
    "modified": "2022-04-12T15:02:26.499Z",
    "attribute_type": 2,
    "name": "Cloud Storage Quota (TB)",
    "has_usage": true,
    "is_required": false,
    "is_unique": false,
    "is_private": false,
    "is_changeable": false
  }
},
{
  "model": "allocation.allocationattributetype",
  "pk": 5,
  "fields": {
    "created": "2022-04-12T15:02:26.508Z",
    "modified": "2022-04-12T15:02:26.508Z",
    "attribute_type": 5,
    "name": "EXPIRE NOTIFICATION",
    "has_usage": false,
    "is_required": false,
    "is_unique": false,
    "is_private": true,
    "is_changeable": false
  }
},
{
  "model": "allocation.allocationattributetype",
  "pk": 6,
  "fields": {
    "created": "2022-04-12T15:02:26.517Z",
    "modified": "2022-04-12T15:02:26.517Z",
    "attribute_type": 4,
    "name": "freeipa_group",
    "has_usage": false,
    "is_required": false,
    "is_unique": false,
    "is_private": false,
    "is_changeable": false
  }
},
{
  "model": "allocation.allocationattributetype",
  "pk": 7,
  "fields": {
    "created": "2022-04-12T15:02:26.526Z",
    "modified": "2022-04-12T15:02:26.526Z",
    "attribute_type": 5,
    "name": "Is Course?",
    "has_usage": false,
    "is_required": false,
    "is_unique": false,
    "is_private": true,
    "is_changeable": false
  }
},
{
  "model": "allocation.allocationattributetype",
  "pk": 8,
  "fields": {
    "created": "2022-04-12T15:02:26.534Z",
    "modified": "2022-04-12T15:02:26.534Z",
    "attribute_type": 2,
    "name": "Paid",
    "has_usage": false,
    "is_required": false,
    "is_unique": false,
    "is_private": false,
    "is_changeable": false
  }
},
{
  "model": "allocation.allocationattributetype",
  "pk": 9,
  "fields": {
    "created": "2022-04-12T15:02:26.542Z",
    "modified": "2022-04-12T15:02:26.542Z",
    "attribute_type": 2,
    "name": "Paid Cloud Support (Hours)",
    "has_usage": true,
    "is_required": false,
    "is_unique": false,
    "is_private": true,
    "is_changeable": false
  }
},
{
  "model": "allocation.allocationattributetype",
  "pk": 10,
  "fields": {
    "created": "2022-04-12T15:02:26.550Z",
    "modified": "2022-04-12T15:02:26.550Z",
    "attribute_type": 2,
    "name": "Paid Network Support (Hours)",
    "has_usage": true,
    "is_required": false,
    "is_unique": false,
    "is_private": true,
    "is_changeable": false
  }
},
{
  "model": "allocation.allocationattributetype",
  "pk": 11,
  "fields": {
    "created": "2022-04-12T15:02:26.559Z",
    "modified": "2022-04-12T15:02:26.559Z",
    "attribute_type": 2,
    "name": "Paid Storage Support (Hours)",
    "has_usage": true,
    "is_required": false,
    "is_unique": false,
    "is_private": true,
    "is_changeable": false
  }
},
{
  "model": "allocation.allocationattributetype",
  "pk": 12,
  "fields": {
    "created": "2022-04-12T15:02:26.567Z",
    "modified": "2022-04-12T15:02:26.567Z",
    "attribute_type": 3,
    "name": "Purchase Order Number",
    "has_usage": false,
    "is_required": false,
    "is_unique": false,
    "is_private": true,
    "is_changeable": false
  }
},
{
  "model": "allocation.allocationattributetype",
  "pk": 13,
  "fields": {
    "created": "2022-04-12T15:02:26.576Z",
    "modified": "2022-04-12T15:02:26.576Z",
    "attribute_type": 1,
    "name": "send_expiry_email_on_date",
    "has_usage": false,
    "is_required": false,
    "is_unique": false,
    "is_private": true,
    "is_changeable": false
  }
},
{
  "model": "allocation.allocationattributetype",
  "pk": 14,
  "fields": {
    "created": "2022-04-12T15:02:26.585Z",
    "modified": "2022-04-12T15:02:26.585Z",
    "attribute_type": 4,
    "name": "slurm_account_name",
    "has_usage": false,
    "is_required": false,
    "is_unique": false,
    "is_private": false,
    "is_changeable": false
  }
},
{
  "model": "allocation.allocationattributetype",
  "pk": 15,
  "fields": {
    "created": "2022-04-12T15:02:26.593Z",
    "modified": "2022-04-12T15:02:26.593Z",
    "attribute_type": 6,
    "name": "slurm_specs",
    "has_usage": false,
    "is_required": false,
    "is_unique": false,
    "is_private": true,
    "is_changeable": false
  }
},
{
  "model": "allocation.allocationattributetype",
  "pk": 16,
  "fields": {
    "created": "2022-04-12T15:02:26.602Z",
    "modified": "2022-04-12T15:02:26.602Z",
    "attribute_type": 4,
    "name": "slurm_specs_attriblist",
    "has_usage": false,
    "is_required": false,
    "is_unique": false,
    "is_private": true,
    "is_changeable": false
  }
},
{
  "model": "allocation.allocationattributetype",
  "pk": 17,
  "fields": {
    "created": "2022-04-12T15:02:26.610Z",
    "modified": "2022-04-12T15:02:26.610Z",
    "attribute_type": 6,
    "name": "slurm_user_specs",
    "has_usage": false,
    "is_required": false,
    "is_unique": false,
    "is_private": true,
    "is_changeable": false
  }
},
{
  "model": "allocation.allocationattributetype",
  "pk": 18,
  "fields": {
    "created": "2022-04-12T15:02:26.619Z",
    "modified": "2022-04-12T15:02:26.619Z",
    "attribute_type": 4,
    "name": "slurm_user_specs_attriblist",
    "has_usage": false,
    "is_required": false,
    "is_unique": false,
    "is_private": true,
    "is_changeable": false
  }
},
{
  "model": "allocation.allocationattributetype",
  "pk": 19,
  "fields": {
    "created": "2022-04-12T15:02:26.628Z",
    "modified": "2022-04-12T15:02:26.628Z",
    "attribute_type": 3,
    "name": "Storage Quota (GB)",
    "has_usage": false,
    "is_required": false,
    "is_unique": false,
    "is_private": false,
    "is_changeable": false
  }
},
{
  "model": "allocation.allocationattributetype",
  "pk": 20,
  "fields": {
    "created": "2022-04-12T15:02:26.637Z",
    "modified": "2022-04-12T15:02:26.637Z",
    "attribute_type": 4,
    "name": "Storage_Group_Name",
    "has_usage": false,
    "is_required": false,
    "is_unique": false,
    "is_private": false,
    "is_changeable": false
  }
},
{
  "model": "allocation.allocationattributetype",
  "pk": 21,
  "fields": {
    "created": "2022-04-12T15:02:26.645Z",
    "modified": "2022-04-12T15:02:26.645Z",
    "attribute_type": 5,
    "name": "SupportersQOS",
    "has_usage": false,
    "is_required": false,
    "is_unique": false,
    "is_private": false,
    "is_changeable": false
  }
},
{
  "model": "allocation.allocationattributetype",
  "pk": 22,
  "fields": {
    "created": "2022-04-12T15:02:26.654Z",
    "modified": "2022-04-12T15:02:26.654Z",
    "attribute_type": 1,
    "name": "SupportersQOSExpireDate",
    "has_usage": false,
    "is_required": false,
    "is_unique": false,
    "is_private": false,
    "is_changeable": false
  }
},
{
  "model": "allocation.allocationattributetype",
  "pk": 23,
  "fields": {
    "created": "2022-04-12T15:02:27.592Z",
    "modified": "2022-04-12T15:02:27.592Z",
    "attribute_type": 4,
    "name": "xdmod_allocation_code",
    "has_usage": false,
    "is_required": false,
    "is_unique": false,
    "is_private": true,
    "is_changeable": false
  }
},
{
  "model": "allocation.allocationattributetype",
  "pk": 24,
  "fields": {
    "created": "2022-04-12T15:02:27.605Z",
    "modified": "2022-04-12T15:02:27.605Z",
    "attribute_type": 4,
    "name": "xdmod_allocation_name",
    "has_usage": false,
    "is_required": false,
    "is_unique": false,
    "is_private": true,
    "is_changeable": false
  }
},
{
  "model": "allocation.allocationattributetype",
  "pk": 25,
  "fields": {
    "created": "2022-04-12T15:02:27.618Z",
    "modified": "2022-04-12T15:02:27.618Z",
    "attribute_type": 4,
    "name": "xdmod_project_code",
    "has_usage": false,
    "is_required": false,
    "is_unique": false,
    "is_private": true,
    "is_changeable": false
  }
},
{
  "model": "allocation.historicalallocationattribute",
  "pk": 1,
  "fields": {
    "id": 1,
    "created": "2022-04-12T15:02:27.680Z",
    "modified": "2022-04-12T15:02:27.680Z",
    "value": "einstein-alloc",
    "allocation_attribute_type": 14,
    "allocation": 1,
    "history_date": "2022-04-12T15:02:27.685Z",
    "history_change_reason": null,
    "history_type": "+",
    "history_user": null
  }
},
{
  "model": "allocation.historicalallocationattribute",
  "pk": 2,
  "fields": {
    "id": 2,
    "created": "2022-04-12T15:02:27.748Z",
    "modified": "2022-04-12T15:02:27.748Z",
    "value": "wright-alloc",
    "allocation_attribute_type": 14,
    "allocation": 2,
    "history_date": "2022-04-12T15:02:27.753Z",
    "history_change_reason": null,
    "history_type": "+",
    "history_user": null
  }
},
{
  "model": "allocation.historicalallocationattribute",
  "pk": 3,
  "fields": {
    "id": 3,
    "created": "2022-04-12T15:02:27.761Z",
    "modified": "2022-04-12T15:02:27.761Z",
    "value": "wright-proj",
    "allocation_attribute_type": 25,
    "allocation": 2,
    "history_date": "2022-04-12T15:02:27.765Z",
    "history_change_reason": null,
    "history_type": "+",
    "history_user": null
  }
},
{
  "model": "allocation.historicalallocationattribute",
  "pk": 4,
  "fields": {
    "id": 4,
    "created": "2022-04-12T15:02:27.774Z",
    "modified": "2022-04-12T15:02:27.774Z",
    "value": "hyposonicflight",
    "allocation_attribute_type": 23,
    "allocation": 2,
    "history_date": "2022-04-12T15:02:27.779Z",
    "history_change_reason": null,
    "history_type": "+",
    "history_user": null
  }
},
{
  "model": "allocation.historicalallocationattribute",
  "pk": 5,
  "fields": {
    "id": 5,
    "created": "2022-04-12T15:02:27.825Z",
    "modified": "2022-04-12T15:02:27.825Z",
    "value": "wilbur-alloc",
    "allocation_attribute_type": 14,
    "allocation": 3,
    "history_date": "2022-04-12T15:02:27.830Z",
    "history_change_reason": null,
    "history_type": "+",
    "history_user": null
  }
},
{
  "model": "allocation.historicalallocationattribute",
  "pk": 6,
  "fields": {
    "id": 6,
    "created": "2022-04-12T15:02:27.838Z",
    "modified": "2022-04-12T15:02:27.838Z",
    "value": "wilbur-proj",
    "allocation_attribute_type": 25,
    "allocation": 3,
    "history_date": "2022-04-12T15:02:27.844Z",
    "history_change_reason": null,
    "history_type": "+",
    "history_user": null
  }
},
{
  "model": "allocation.historicalallocationattribute",
  "pk": 7,
  "fields": {
    "id": 7,
    "created": "2022-04-12T15:02:27.851Z",
    "modified": "2022-04-12T15:02:27.851Z",
    "value": "hyposonicflight",
    "allocation_attribute_type": 23,
    "allocation": 3,
    "history_date": "2022-04-12T15:02:27.856Z",
    "history_change_reason": null,
    "history_type": "+",
    "history_user": null
  }
},
{
  "model": "allocation.historicalallocationattribute",
  "pk": 8,
  "fields": {
    "id": 8,
    "created": "2022-04-12T15:02:27.902Z",
    "modified": "2022-04-12T15:02:27.902Z",
    "value": "orville-alloc",
    "allocation_attribute_type": 14,
    "allocation": 4,
    "history_date": "2022-04-12T15:02:27.909Z",
    "history_change_reason": null,
    "history_type": "+",
    "history_user": null
  }
},
{
  "model": "allocation.historicalallocationattribute",
  "pk": 9,
  "fields": {
    "id": 9,
    "created": "2022-04-12T15:02:27.917Z",
    "modified": "2022-04-12T15:02:27.917Z",
    "value": "orville-proj",
    "allocation_attribute_type": 25,
    "allocation": 4,
    "history_date": "2022-04-12T15:02:27.922Z",
    "history_change_reason": null,
    "history_type": "+",
    "history_user": null
  }
},
{
  "model": "allocation.historicalallocationattribute",
  "pk": 10,
  "fields": {
    "id": 10,
    "created": "2022-04-12T15:02:27.930Z",
    "modified": "2022-04-12T15:02:27.930Z",
    "value": "Orville Wright allocation",
    "allocation_attribute_type": 24,
    "allocation": 4,
    "history_date": "2022-04-12T15:02:27.935Z",
    "history_change_reason": null,
    "history_type": "+",
    "history_user": null
  }
},
{
  "model": "allocation.historicalallocationattribute",
  "pk": 11,
  "fields": {
    "id": 11,
    "created": "2022-04-12T15:02:27.985Z",
    "modified": "2022-04-12T15:02:27.985Z",
    "value": "freud-alloc",
    "allocation_attribute_type": 14,
    "allocation": 5,
    "history_date": "2022-04-12T15:02:27.991Z",
    "history_change_reason": null,
    "history_type": "+",
    "history_user": null
  }
},
{
  "model": "allocation.historicalallocationattribute",
  "pk": 12,
  "fields": {
    "id": 12,
    "created": "2022-04-12T15:02:28.043Z",
    "modified": "2022-04-12T15:02:28.043Z",
    "value": "hawkeye-alloc",
    "allocation_attribute_type": 14,
    "allocation": 6,
    "history_date": "2022-04-12T15:02:28.049Z",
    "history_change_reason": null,
    "history_type": "+",
    "history_user": null
  }
},
{
  "model": "allocation.allocationattribute",
  "pk": 1,
  "fields": {
    "created": "2022-04-12T15:02:27.680Z",
    "modified": "2022-04-12T15:02:27.680Z",
    "allocation_attribute_type": 14,
    "allocation": 1,
    "value": "einstein-alloc"
  }
},
{
  "model": "allocation.allocationattribute",
  "pk": 2,
  "fields": {
    "created": "2022-04-12T15:02:27.748Z",
    "modified": "2022-04-12T15:02:27.748Z",
    "allocation_attribute_type": 14,
    "allocation": 2,
    "value": "wright-alloc"
  }
},
{
  "model": "allocation.allocationattribute",
  "pk": 3,
  "fields": {
    "created": "2022-04-12T15:02:27.761Z",
    "modified": "2022-04-12T15:02:27.761Z",
    "allocation_attribute_type": 25,
    "allocation": 2,
    "value": "wright-proj"
  }
},
{
  "model": "allocation.allocationattribute",
  "pk": 4,
  "fields": {
    "created": "2022-04-12T15:02:27.774Z",
    "modified": "2022-04-12T15:02:27.774Z",
    "allocation_attribute_type": 23,
    "allocation": 2,
    "value": "hyposonicflight"
  }
},
{
  "model": "allocation.allocationattribute",
  "pk": 5,
  "fields": {
    "created": "2022-04-12T15:02:27.825Z",
    "modified": "2022-04-12T15:02:27.825Z",
    "allocation_attribute_type": 14,
    "allocation": 3,
    "value": "wilbur-alloc"
  }
},
{
  "model": "allocation.allocationattribute",
  "pk": 6,
  "fields": {
    "created": "2022-04-12T15:02:27.838Z",
    "modified": "2022-04-12T15:02:27.838Z",
    "allocation_attribute_type": 25,
    "allocation": 3,
    "value": "wilbur-proj"
  }
},
{
  "model": "allocation.allocationattribute",
  "pk": 7,
  "fields": {
    "created": "2022-04-12T15:02:27.851Z",
    "modified": "2022-04-12T15:02:27.851Z",
    "allocation_attribute_type": 23,
    "allocation": 3,
    "value": "hyposonicflight"
  }
},
{
  "model": "allocation.allocationattribute",
  "pk": 8,
  "fields": {
    "created": "2022-04-12T15:02:27.902Z",
    "modified": "2022-04-12T15:02:27.902Z",
    "allocation_attribute_type": 14,
    "allocation": 4,
    "value": "orville-alloc"
  }
},
{
  "model": "allocation.allocationattribute",
  "pk": 9,
  "fields": {
    "created": "2022-04-12T15:02:27.917Z",
    "modified": "2022-04-12T15:02:27.917Z",
    "allocation_attribute_type": 25,
    "allocation": 4,
    "value": "orville-proj"
  }
},
{
  "model": "allocation.allocationattribute",
  "pk": 10,
  "fields": {
    "created": "2022-04-12T15:02:27.930Z",
    "modified": "2022-04-12T15:02:27.930Z",
    "allocation_attribute_type": 24,
    "allocation": 4,
    "value": "Orville Wright allocation"
  }
},
{
  "model": "allocation.allocationattribute",
  "pk": 11,
  "fields": {
    "created": "2022-04-12T15:02:27.985Z",
    "modified": "2022-04-12T15:02:27.985Z",
    "allocation_attribute_type": 14,
    "allocation": 5,
    "value": "freud-alloc"
  }
},
{
  "model": "allocation.allocationattribute",
  "pk": 12,
  "fields": {
    "created": "2022-04-12T15:02:28.043Z",
    "modified": "2022-04-12T15:02:28.043Z",
    "allocation_attribute_type": 14,
    "allocation": 6,
    "value": "hawkeye-alloc"
  }
},
{
  "model": "allocation.allocationuserstatuschoice",
  "pk": 1,
  "fields": {
    "created": "2022-04-12T15:02:26.452Z",
    "modified": "2022-04-12T15:02:26.452Z",
    "name": "Active"
  }
},
{
  "model": "allocation.allocationuserstatuschoice",
  "pk": 2,
  "fields": {
    "created": "2022-04-12T15:02:26.458Z",
    "modified": "2022-04-12T15:02:26.458Z",
    "name": "Error"
  }
},
{
  "model": "allocation.allocationuserstatuschoice",
  "pk": 3,
  "fields": {
    "created": "2022-04-12T15:02:26.465Z",
    "modified": "2022-04-12T15:02:26.465Z",
    "name": "Removed"
  }
},
{
  "model": "allocation.historicalallocationuser",
  "pk": 1,
  "fields": {
    "id": 1,
    "created": "2022-04-12T15:02:27.654Z",
    "modified": "2022-04-12T15:02:27.654Z",
    "allocation": 1,
    "user": 2,
    "status": 1,
    "history_date": "2022-04-12T15:02:27.659Z",
    "history_change_reason": null,
    "history_type": "+",
    "history_user": null
  }
},
{
  "model": "allocation.historicalallocationuser",
  "pk": 2,
  "fields": {
    "id": 2,
    "created": "2022-04-12T15:02:27.666Z",
    "modified": "2022-04-12T15:02:27.666Z",
    "allocation": 1,
    "user": 1,
    "status": 1,
    "history_date": "2022-04-12T15:02:27.670Z",
    "history_change_reason": null,
    "history_type": "+",
    "history_user": null
  }
},
{
  "model": "allocation.historicalallocationuser",
  "pk": 3,
  "fields": {
    "id": 3,
    "created": "2022-04-12T15:02:27.721Z",
    "modified": "2022-04-12T15:02:27.721Z",
    "allocation": 2,
    "user": 5,
    "status": 1,
    "history_date": "2022-04-12T15:02:27.726Z",
    "history_change_reason": null,
    "history_type": "+",
    "history_user": null
  }
},
{
  "model": "allocation.historicalallocationuser",
  "pk": 4,
  "fields": {
    "id": 4,
    "created": "2022-04-12T15:02:27.733Z",
    "modified": "2022-04-12T15:02:27.733Z",
    "allocation": 2,
    "user": 6,
    "status": 1,
    "history_date": "2022-04-12T15:02:27.738Z",
    "history_change_reason": null,
    "history_type": "+",
    "history_user": null
  }
},
{
  "model": "allocation.historicalallocationuser",
  "pk": 5,
  "fields": {
    "id": 5,
    "created": "2022-04-12T15:02:27.811Z",
    "modified": "2022-04-12T15:02:27.811Z",
    "allocation": 3,
    "user": 6,
    "status": 1,
    "history_date": "2022-04-12T15:02:27.815Z",
    "history_change_reason": null,
    "history_type": "+",
    "history_user": null
  }
},
{
  "model": "allocation.historicalallocationuser",
  "pk": 6,
  "fields": {
    "id": 6,
    "created": "2022-04-12T15:02:27.887Z",
    "modified": "2022-04-12T15:02:27.887Z",
    "allocation": 4,
    "user": 5,
    "status": 1,
    "history_date": "2022-04-12T15:02:27.892Z",
    "history_change_reason": null,
    "history_type": "+",
    "history_user": null
  }
},
{
  "model": "allocation.historicalallocationuser",
  "pk": 7,
  "fields": {
    "id": 7,
    "created": "2022-04-12T15:02:27.970Z",
    "modified": "2022-04-12T15:02:27.970Z",
    "allocation": 5,
    "user": 3,
    "status": 1,
    "history_date": "2022-04-12T15:02:27.975Z",
    "history_change_reason": null,
    "history_type": "+",
    "history_user": null
  }
},
{
  "model": "allocation.historicalallocationuser",
  "pk": 8,
  "fields": {
    "id": 8,
    "created": "2022-04-12T15:02:28.028Z",
    "modified": "2022-04-12T15:02:28.028Z",
    "allocation": 6,
    "user": 4,
    "status": 1,
    "history_date": "2022-04-12T15:02:28.034Z",
    "history_change_reason": null,
    "history_type": "+",
    "history_user": null
  }
},
{
  "model": "allocation.allocationuser",
  "pk": 1,
  "fields": {
    "created": "2022-04-12T15:02:27.654Z",
    "modified": "2022-04-12T15:02:27.654Z",
    "allocation": 1,
    "user": 2,
    "status": 1
  }
},
{
  "model": "allocation.allocationuser",
  "pk": 2,
  "fields": {
    "created": "2022-04-12T15:02:27.666Z",
    "modified": "2022-04-12T15:02:27.666Z",
    "allocation": 1,
    "user": 1,
    "status": 1
  }
},
{
  "model": "allocation.allocationuser",
  "pk": 3,
  "fields": {
    "created": "2022-04-12T15:02:27.721Z",
    "modified": "2022-04-12T15:02:27.721Z",
    "allocation": 2,
    "user": 5,
    "status": 1
  }
},
{
  "model": "allocation.allocationuser",
  "pk": 4,
  "fields": {
    "created": "2022-04-12T15:02:27.733Z",
    "modified": "2022-04-12T15:02:27.733Z",
    "allocation": 2,
    "user": 6,
    "status": 1
  }
},
{
  "model": "allocation.allocationuser",
  "pk": 5,
  "fields": {
    "created": "2022-04-12T15:02:27.811Z",
    "modified": "2022-04-12T15:02:27.811Z",
    "allocation": 3,
    "user": 6,
    "status": 1
  }
},
{
  "model": "allocation.allocationuser",
  "pk": 6,
  "fields": {
    "created": "2022-04-12T15:02:27.887Z",
    "modified": "2022-04-12T15:02:27.887Z",
    "allocation": 4,
    "user": 5,
    "status": 1
  }
},
{
  "model": "allocation.allocationuser",
  "pk": 7,
  "fields": {
    "created": "2022-04-12T15:02:27.970Z",
    "modified": "2022-04-12T15:02:27.970Z",
    "allocation": 5,
    "user": 3,
    "status": 1
  }
},
{
  "model": "allocation.allocationuser",
  "pk": 8,
  "fields": {
    "created": "2022-04-12T15:02:28.028Z",
    "modified": "2022-04-12T15:02:28.028Z",
    "allocation": 6,
    "user": 4,
    "status": 1
  }
},
{
  "model": "allocation.allocationchangestatuschoice",
  "pk": 1,
  "fields": {
    "created": "2022-04-12T15:02:21.847Z",
    "modified": "2022-04-12T15:02:21.847Z",
    "name": "Pending"
  }
},
{
  "model": "allocation.allocationchangestatuschoice",
  "pk": 2,
  "fields": {
    "created": "2022-04-12T15:02:21.849Z",
    "modified": "2022-04-12T15:02:21.849Z",
    "name": "Approved"
  }
},
{
  "model": "allocation.allocationchangestatuschoice",
  "pk": 3,
  "fields": {
    "created": "2022-04-12T15:02:21.850Z",
    "modified": "2022-04-12T15:02:21.850Z",
    "name": "Denied"
  }
},
{
  "model": "grant.grantfundingagency",
  "pk": 1,
  "fields": {
    "created": "2022-04-12T15:02:25.884Z",
    "modified": "2022-04-12T15:02:25.884Z",
    "name": "Department of Defense (DoD)"
  }
},
{
  "model": "grant.grantfundingagency",
  "pk": 2,
  "fields": {
    "created": "2022-04-12T15:02:25.891Z",
    "modified": "2022-04-12T15:02:25.891Z",
    "name": "Department of Energy (DOE)"
  }
},
{
  "model": "grant.grantfundingagency",
  "pk": 3,
  "fields": {
    "created": "2022-04-12T15:02:25.897Z",
    "modified": "2022-04-12T15:02:25.897Z",
    "name": "Environmental Protection Agency (EPA)"
  }
},
{
  "model": "grant.grantfundingagency",
  "pk": 4,
  "fields": {
    "created": "2022-04-12T15:02:25.904Z",
    "modified": "2022-04-12T15:02:25.904Z",
    "name": "National Aeronautics and Space Administration (NASA)"
  }
},
{
  "model": "grant.grantfundingagency",
  "pk": 5,
  "fields": {
    "created": "2022-04-12T15:02:25.910Z",
    "modified": "2022-04-12T15:02:25.910Z",
    "name": "National Institutes of Health (NIH)"
  }
},
{
  "model": "grant.grantfundingagency",
  "pk": 6,
  "fields": {
    "created": "2022-04-12T15:02:25.917Z",
    "modified": "2022-04-12T15:02:25.917Z",
    "name": "National Science Foundation (NSF)"
  }
},
{
  "model": "grant.grantfundingagency",
  "pk": 7,
  "fields": {
    "created": "2022-04-12T15:02:25.924Z",
    "modified": "2022-04-12T15:02:25.924Z",
    "name": "New York State Department of Health (DOH)"
  }
},
{
  "model": "grant.grantfundingagency",
  "pk": 8,
  "fields": {
    "created": "2022-04-12T15:02:25.931Z",
    "modified": "2022-04-12T15:02:25.931Z",
    "name": "New York State (NYS)"
  }
},
{
  "model": "grant.grantfundingagency",
  "pk": 9,
  "fields": {
    "created": "2022-04-12T15:02:25.938Z",
    "modified": "2022-04-12T15:02:25.938Z",
    "name": "Empire State Development (ESD)"
  }
},
{
  "model": "grant.grantfundingagency",
  "pk": 10,
  "fields": {
    "created": "2022-04-12T15:02:25.945Z",
    "modified": "2022-04-12T15:02:25.945Z",
    "name": "Empire State Development's Division of Science, Technology and Innovation (NYSTAR)"
  }
},
{
  "model": "grant.grantfundingagency",
  "pk": 11,
  "fields": {
    "created": "2022-04-12T15:02:25.952Z",
    "modified": "2022-04-12T15:02:25.952Z",
    "name": "Other"
  }
},
{
  "model": "grant.grantstatuschoice",
  "pk": 1,
  "fields": {
    "created": "2022-04-12T15:02:25.960Z",
    "modified": "2022-04-12T15:02:25.960Z",
    "name": "Active"
  }
},
{
  "model": "grant.grantstatuschoice",
  "pk": 2,
  "fields": {
    "created": "2022-04-12T15:02:25.967Z",
    "modified": "2022-04-12T15:02:25.967Z",
    "name": "Archived"
  }
},
{
  "model": "grant.grantstatuschoice",
  "pk": 3,
  "fields": {
    "created": "2022-04-12T15:02:25.973Z",
    "modified": "2022-04-12T15:02:25.973Z",
    "name": "Pending"
  }
},
{
  "model": "organization.organizationlevel",
  "pk": 1,
  "fields": {
    "created": "2022-04-12T15:02:26.694Z",
    "modified": "2022-04-12T15:02:26.694Z",
    "name": "University",
    "level": 40,
    "parent": null,
    "export_to_xdmod": true
  }
},
{
  "model": "organization.organizationlevel",
  "pk": 2,
  "fields": {
    "created": "2022-04-12T15:02:26.705Z",
    "modified": "2022-04-12T15:02:26.705Z",
    "name": "College",
    "level": 30,
    "parent": 1,
    "export_to_xdmod": true
  }
},
{
  "model": "organization.organizationlevel",
  "pk": 3,
  "fields": {
    "created": "2022-04-12T15:02:26.717Z",
    "modified": "2022-04-12T15:02:26.717Z",
    "name": "Department",
    "level": 20,
    "parent": 2,
    "export_to_xdmod": true
  }
},
{
  "model": "organization.organization",
  "pk": 1,
  "fields": {
    "created": "2022-04-12T15:02:26.729Z",
    "modified": "2022-04-12T15:02:26.757Z",
    "parent": null,
    "organization_level": 1,
    "code": "Unknown",
    "shortname": "Unknown",
    "longname": "Container for Unknown organizations",
    "is_selectable_for_user": false,
    "is_selectable_for_project": false
  }
},
{
  "model": "organization.organization",
  "pk": 2,
  "fields": {
    "created": "2022-04-12T15:02:26.765Z",
    "modified": "2022-04-12T15:02:26.765Z",
    "parent": null,
    "organization_level": 1,
    "code": "UMD",
    "shortname": "UMCP",
    "longname": "University of Maryland",
    "is_selectable_for_user": false,
    "is_selectable_for_project": false
  }
},
{
  "model": "organization.organization",
  "pk": 3,
  "fields": {
    "created": "2022-04-12T15:02:26.775Z",
    "modified": "2022-04-12T15:02:26.775Z",
    "parent": null,
    "organization_level": 1,
    "code": "UMB",
    "shortname": "UMD Baltimore",
    "longname": "University of Maryland, Baltimore",
    "is_selectable_for_user": false,
    "is_selectable_for_project": false
  }
},
{
  "model": "organization.organization",
  "pk": 4,
  "fields": {
    "created": "2022-04-12T15:02:26.787Z",
    "modified": "2022-04-12T15:02:26.787Z",
    "parent": 2,
    "organization_level": 2,
    "code": "CMNS",
    "shortname": "CMNS",
    "longname": "College of Computer, Mathematical, and Natural Sciences",
    "is_selectable_for_user": false,
    "is_selectable_for_project": false
  }
},
{
  "model": "organization.organization",
  "pk": 5,
  "fields": {
    "created": "2022-04-12T15:02:26.804Z",
    "modified": "2022-04-12T15:02:26.804Z",
    "parent": 2,
    "organization_level": 2,
    "code": "ENGR",
    "shortname": "Engineering",
    "longname": "School of Engineering",
    "is_selectable_for_user": false,
    "is_selectable_for_project": false
  }
},
{
  "model": "organization.organization",
  "pk": 6,
  "fields": {
    "created": "2022-04-12T15:02:26.824Z",
    "modified": "2022-04-12T15:02:26.824Z",
    "parent": 4,
    "organization_level": 3,
    "code": "ASTR",
    "shortname": "Astronomy",
    "longname": "Astronomy Department",
    "is_selectable_for_user": true,
    "is_selectable_for_project": true
  }
},
{
  "model": "organization.organization",
  "pk": 7,
  "fields": {
    "created": "2022-04-12T15:02:26.850Z",
    "modified": "2022-04-12T15:02:26.850Z",
    "parent": 4,
    "organization_level": 3,
    "code": "PHYS",
    "shortname": "Physics",
    "longname": "Physics Department",
    "is_selectable_for_user": true,
    "is_selectable_for_project": true
  }
},
{
  "model": "organization.organization",
  "pk": 8,
  "fields": {
    "created": "2022-04-12T15:02:26.888Z",
    "modified": "2022-04-12T15:02:26.888Z",
    "parent": 5,
    "organization_level": 3,
    "code": "ENAE",
    "shortname": "Aeronautical Eng",
    "longname": "Dept of Aeronautical Engineering",
    "is_selectable_for_user": true,
    "is_selectable_for_project": true
  }
},
{
  "model": "organization.organization",
  "pk": 9,
  "fields": {
    "created": "2022-04-12T15:02:26.915Z",
    "modified": "2022-04-12T15:02:26.915Z",
    "parent": 5,
    "organization_level": 3,
    "code": "ENMA",
    "shortname": "Materials Eng",
    "longname": "Dept of Materials Engineering",
    "is_selectable_for_user": true,
    "is_selectable_for_project": true
  }
},
{
  "model": "organization.organization",
  "pk": 10,
  "fields": {
    "created": "2022-04-12T15:02:26.941Z",
    "modified": "2022-04-12T15:02:26.941Z",
    "parent": 3,
    "organization_level": 2,
    "code": "SoM",
    "shortname": "Medicine",
    "longname": "School of Medicine",
    "is_selectable_for_user": false,
    "is_selectable_for_project": false
  }
},
{
  "model": "organization.organization",
  "pk": 11,
  "fields": {
    "created": "2022-04-12T15:02:26.959Z",
    "modified": "2022-04-12T15:02:26.959Z",
    "parent": 3,
    "organization_level": 2,
    "code": "SoD",
    "shortname": "Dentistry",
    "longname": "School of Dentistry",
    "is_selectable_for_user": false,
    "is_selectable_for_project": false
  }
},
{
  "model": "organization.organization",
  "pk": 12,
  "fields": {
    "created": "2022-04-12T15:02:26.980Z",
    "modified": "2022-04-12T15:02:26.980Z",
    "parent": 10,
    "organization_level": 3,
    "code": "Psych",
    "shortname": "Psychiatry",
    "longname": "Psychiatry Department",
    "is_selectable_for_user": true,
    "is_selectable_for_project": true
  }
},
{
  "model": "organization.organization",
  "pk": 13,
  "fields": {
    "created": "2022-04-12T15:02:27.006Z",
    "modified": "2022-04-12T15:02:27.006Z",
    "parent": 10,
    "organization_level": 3,
    "code": "Surg",
    "shortname": "Surgery",
    "longname": "Surgery Department",
    "is_selectable_for_user": true,
    "is_selectable_for_project": true
  }
},
{
  "model": "organization.organization",
  "pk": 14,
  "fields": {
    "created": "2022-04-12T15:02:27.033Z",
    "modified": "2022-04-12T15:02:27.033Z",
    "parent": 11,
    "organization_level": 3,
    "code": "NeuPain",
    "shortname": "Neural and Pain",
    "longname": "Department of Neural and Pain Sciences",
    "is_selectable_for_user": true,
    "is_selectable_for_project": true
  }
},
{
  "model": "organization.organization",
  "pk": 15,
  "fields": {
    "created": "2022-04-12T15:02:27.058Z",
    "modified": "2022-04-12T15:02:27.058Z",
    "parent": 11,
    "organization_level": 3,
    "code": "Perio",
    "shortname": "Periodontics",
    "longname": "Division of Periodontics",
    "is_selectable_for_user": true,
    "is_selectable_for_project": true
  }
},
{
  "model": "organization.organizationproject",
  "pk": 1,
  "fields": {
    "created": "2022-04-12T15:02:27.422Z",
    "modified": "2022-04-12T15:02:27.422Z",
    "organization": 7,
    "project": 1,
    "is_primary": true
  }
},
{
  "model": "organization.organizationproject",
  "pk": 2,
  "fields": {
    "created": "2022-04-12T15:02:27.480Z",
    "modified": "2022-04-12T15:02:27.480Z",
    "organization": 8,
    "project": 2,
    "is_primary": true
  }
},
{
  "model": "organization.organizationproject",
  "pk": 3,
  "fields": {
    "created": "2022-04-12T15:02:27.489Z",
    "modified": "2022-04-12T15:02:27.489Z",
    "organization": 7,
    "project": 2,
    "is_primary": false
  }
},
{
  "model": "organization.organizationproject",
  "pk": 4,
  "fields": {
    "created": "2022-04-12T15:02:27.534Z",
    "modified": "2022-04-12T15:02:27.534Z",
    "organization": 12,
    "project": 3,
    "is_primary": true
  }
},
{
  "model": "organization.organizationproject",
  "pk": 5,
  "fields": {
    "created": "2022-04-12T15:02:27.581Z",
    "modified": "2022-04-12T15:02:27.581Z",
    "organization": 13,
    "project": 4,
    "is_primary": true
  }
},
{
  "model": "organization.organizationuser",
  "pk": 1,
  "fields": {
    "created": "2022-04-12T15:02:27.130Z",
    "modified": "2022-04-12T15:02:27.130Z",
    "organization": 7,
    "user": 1,
    "is_primary": true
  }
},
{
  "model": "organization.organizationuser",
  "pk": 2,
  "fields": {
    "created": "2022-04-12T15:02:27.171Z",
    "modified": "2022-04-12T15:02:27.171Z",
    "organization": 7,
    "user": 2,
    "is_primary": true
  }
},
{
  "model": "organization.organizationuser",
  "pk": 3,
  "fields": {
    "created": "2022-04-12T15:02:27.212Z",
    "modified": "2022-04-12T15:02:27.212Z",
    "organization": 12,
    "user": 3,
    "is_primary": true
  }
},
{
  "model": "organization.organizationuser",
  "pk": 4,
  "fields": {
    "created": "2022-04-12T15:02:27.252Z",
    "modified": "2022-04-12T15:02:27.252Z",
    "organization": 13,
    "user": 4,
    "is_primary": true
  }
},
{
  "model": "organization.organizationuser",
  "pk": 5,
  "fields": {
    "created": "2022-04-12T15:02:27.292Z",
    "modified": "2022-04-12T15:02:27.292Z",
    "organization": 8,
    "user": 5,
    "is_primary": true
  }
},
{
  "model": "organization.organizationuser",
  "pk": 6,
  "fields": {
    "created": "2022-04-12T15:02:27.325Z",
    "modified": "2022-04-12T15:02:27.325Z",
    "organization": 8,
    "user": 6,
    "is_primary": true
  }
},
{
  "model": "organization.organizationuser",
  "pk": 7,
  "fields": {
    "created": "2022-04-12T15:02:27.335Z",
    "modified": "2022-04-12T15:02:27.335Z",
    "organization": 7,
    "user": 6,
    "is_primary": false
  }
},
{
  "model": "organization.directory2organization",
  "pk": 1,
  "fields": {
    "created": "2022-04-12T15:02:26.839Z",
    "modified": "2022-04-12T15:02:26.839Z",
    "organization": 6,
    "directory_string": "CMNS-Astronomy"
  }
},
{
  "model": "organization.directory2organization",
  "pk": 2,
  "fields": {
    "created": "2022-04-12T15:02:26.865Z",
    "modified": "2022-04-12T15:02:26.865Z",
    "organization": 7,
    "directory_string": "CMNS-Physics"
  }
},
{
  "model": "organization.directory2organization",
  "pk": 3,
  "fields": {
    "created": "2022-04-12T15:02:26.870Z",
    "modified": "2022-04-12T15:02:26.870Z",
    "organization": 7,
    "directory_string": "CMNS-Physics-Joint Quantum Institute"
  }
},
{
  "model": "organization.directory2organization",
  "pk": 4,
  "fields": {
    "created": "2022-04-12T15:02:26.877Z",
    "modified": "2022-04-12T15:02:26.877Z",
    "organization": 7,
    "directory_string": "CMNS-Physics-Quantum Materials Center"
  }
},
{
  "model": "organization.directory2organization",
  "pk": 5,
  "fields": {
    "created": "2022-04-12T15:02:26.904Z",
    "modified": "2022-04-12T15:02:26.904Z",
    "organization": 8,
    "directory_string": "ENGR-Aerospace Engineering"
  }
},
{
  "model": "organization.directory2organization",
  "pk": 6,
  "fields": {
    "created": "2022-04-12T15:02:26.931Z",
    "modified": "2022-04-12T15:02:26.931Z",
    "organization": 9,
    "directory_string": "ENGR-Materials Science & Engineering"
  }
},
{
  "model": "organization.directory2organization",
  "pk": 7,
  "fields": {
    "created": "2022-04-12T15:02:26.995Z",
    "modified": "2022-04-12T15:02:26.995Z",
    "organization": 12,
    "directory_string": "Medicine-Psychiatry"
  }
},
{
  "model": "organization.directory2organization",
  "pk": 8,
  "fields": {
    "created": "2022-04-12T15:02:27.022Z",
    "modified": "2022-04-12T15:02:27.022Z",
    "organization": 13,
    "directory_string": "Medicine-Surgery"
  }
},
{
  "model": "organization.directory2organization",
  "pk": 9,
  "fields": {
    "created": "2022-04-12T15:02:27.048Z",
    "modified": "2022-04-12T15:02:27.048Z",
    "organization": 14,
    "directory_string": "Dentistry-Neural and Pain Sciences"
  }
},
{
  "model": "organization.directory2organization",
  "pk": 10,
  "fields": {
    "created": "2022-04-12T15:02:27.073Z",
    "modified": "2022-04-12T15:02:27.073Z",
    "organization": 15,
    "directory_string": "Dentistry-Periodontics"
  }
}
]
